"Data";"Hora (UTC)";"Temp. Ins. (C)";"Temp. Max. (C)";"Temp. Min. (C)";"Umi. Ins. (%)";"Umi. Max. (%)";"Umi. Min. (%)";"Pto Orvalho Ins. (C)";"Pto Orvalho Max. (C)";"Pto Orvalho Min. (C)";"Pressao Ins. (hPa)";"Pressao Max. (hPa)";"Pressao Min. (hPa)";"Vel. Vento (m/s)";"Dir. Vento (m/s)";"Raj. Vento (m/s)";"Radiacao (KJ/m²)";"Chuva (mm)"
"01/09/2024";"0000";"16,4";"17,6";"16,4";"88,0";"90,0";"87,0";"14,4";"15,7";"14,4";"988,5";"988,5";"987,7";"6,9";"275,0";"11,0";"";"0,0"
"01/09/2024";"0100";"14,7";"16,4";"14,7";"88,0";"89,0";"87,0";"12,8";"14,4";"12,8";"989,3";"989,4";"988,5";"6,2";"275,0";"11,4";"0,80";"0,0"
"01/09/2024";"0200";"13,5";"14,7";"13,5";"87,0";"90,0";"86,0";"11,3";"12,8";"11,3";"989,5";"989,6";"989,3";"6,1";"277,0";"10,7";"";"0,0"
"01/09/2024";"0300";"12,7";"13,5";"12,7";"85,0";"88,0";"84,0";"10,2";"11,3";"10,2";"990,0";"990,0";"989,5";"5,2";"276,0";"11,0";"";"0,0"
"01/09/2024";"0400";"12,3";"12,8";"12,3";"82,0";"85,0";"82,0";"9,4";"10,1";"9,4";"989,5";"990,0";"989,4";"5,2";"285,0";"9,0";"";"0,0"
"01/09/2024";"0500";"11,9";"12,4";"11,9";"84,0";"84,0";"81,0";"9,2";"9,4";"9,1";"988,9";"989,5";"988,8";"5,5";"283,0";"8,9";"";"0,0"
"01/09/2024";"0600";"11,6";"11,9";"11,6";"82,0";"85,0";"82,0";"8,7";"9,3";"8,7";"988,7";"988,9";"988,6";"6,8";"287,0";"10,9";"";"0,0"
"01/09/2024";"0700";"11,0";"11,6";"11,0";"81,0";"84,0";"80,0";"7,9";"8,8";"7,9";"988,7";"988,9";"988,5";"7,1";"295,0";"13,0";"";"0,0"
"01/09/2024";"0800";"10,8";"11,1";"10,8";"81,0";"82,0";"80,0";"7,7";"8,0";"7,6";"988,7";"988,8";"988,5";"6,0";"299,0";"13,0";"";"0,0"
"01/09/2024";"0900";"10,8";"10,9";"10,8";"82,0";"82,0";"80,0";"7,8";"7,8";"7,5";"988,6";"988,9";"988,6";"6,4";"301,0";"9,9";"";"0,0"
"01/09/2024";"1000";"10,6";"10,8";"10,6";"82,0";"83,0";"81,0";"7,6";"7,8";"7,6";"989,1";"989,2";"988,6";"6,1";"296,0";"11,2";"0,30";"0,0"
"01/09/2024";"1100";"10,5";"10,7";"10,5";"81,0";"82,0";"80,0";"7,5";"7,7";"7,3";"989,3";"989,6";"989,1";"6,6";"289,0";"11,7";"120,30";"0,0"
"01/09/2024";"1200";"10,7";"10,9";"10,4";"83,0";"83,0";"79,0";"7,9";"7,9";"6,9";"989,9";"990,0";"989,2";"5,7";"284,0";"12,8";"472,00";"0,0"
"01/09/2024";"1300";"9,9";"11,2";"9,5";"91,0";"92,0";"78,0";"8,6";"8,6";"7,2";"990,2";"990,2";"989,8";"8,1";"290,0";"14,9";"684,40";"0,0"
"01/09/2024";"1400";"11,3";"11,5";"10,0";"79,0";"92,0";"76,0";"7,8";"8,9";"7,2";"990,1";"990,2";"989,8";"8,2";"278,0";"14,5";"1145,60";"0,0"
"01/09/2024";"1500";"12,3";"12,3";"11,2";"79,0";"83,0";"78,0";"8,9";"8,9";"7,8";"989,9";"990,1";"989,8";"8,7";"279,0";"14,9";"1154,80";"0,0"
"01/09/2024";"1600";"12,4";"13,2";"11,8";"82,0";"84,0";"75,0";"9,4";"9,6";"8,2";"989,9";"990,1";"989,7";"8,5";"290,0";"14,9";"1146,70";"0,0"
"01/09/2024";"1700";"13,0";"13,4";"12,1";"79,0";"82,0";"77,0";"9,5";"9,9";"8,8";"989,5";"989,9";"989,5";"7,2";"282,0";"14,2";"1086,30";"0,0"
"01/09/2024";"1800";"13,4";"13,6";"12,9";"78,0";"80,0";"76,0";"9,7";"10,0";"8,9";"989,3";"989,6";"989,2";"7,5";"287,0";"14,2";"890,10";"0,0"
"01/09/2024";"1900";"12,3";"13,8";"12,3";"92,0";"92,0";"78,0";"11,1";"11,1";"9,5";"989,3";"989,4";"988,9";"6,5";"283,0";"13,5";"588,50";"0,0"
"01/09/2024";"2000";"13,6";"14,0";"12,4";"84,0";"93,0";"80,0";"11,0";"11,6";"10,6";"989,6";"989,6";"989,2";"5,7";"269,0";"12,1";"330,60";"0,0"
"01/09/2024";"2100";"13,0";"13,6";"12,9";"90,0";"91,0";"84,0";"11,4";"11,4";"10,9";"989,9";"989,9";"989,6";"5,3";"275,0";"11,0";"132,30";"0,0"
"01/09/2024";"2200";"12,6";"13,0";"12,5";"94,0";"94,0";"90,0";"11,7";"11,7";"11,3";"990,3";"990,4";"989,9";"4,5";"273,0";"10,1";"5,20";"0,0"
"01/09/2024";"2300";"12,6";"12,7";"12,5";"95,0";"95,0";"94,0";"11,8";"11,9";"11,6";"990,8";"990,9";"990,3";"5,1";"276,0";"7,9";"";"0,0"
"02/09/2024";"0000";"12,6";"12,7";"12,5";"95,0";"96,0";"95,0";"11,9";"11,9";"11,8";"991,5";"991,5";"990,8";"4,3";"259,0";"10,3";"";"0,2"
"02/09/2024";"0100";"12,1";"12,7";"12,1";"94,0";"95,0";"93,0";"11,2";"11,9";"11,2";"991,7";"991,7";"991,4";"3,2";"246,0";"8,5";"";"0,0"
"02/09/2024";"0200";"11,9";"12,2";"11,9";"94,0";"94,0";"94,0";"10,9";"11,2";"10,9";"991,4";"991,8";"991,4";"2,8";"229,0";"7,2";"";"0,0"
"02/09/2024";"0300";"11,6";"11,9";"11,6";"96,0";"96,0";"94,0";"10,9";"11,0";"10,8";"991,7";"991,7";"991,4";"2,6";"262,0";"5,6";"";"0,0"
"02/09/2024";"0400";"11,4";"11,6";"11,4";"96,0";"96,0";"95,0";"10,7";"10,9";"10,7";"991,8";"991,9";"991,7";"3,1";"256,0";"4,6";"";"0,0"
"02/09/2024";"0500";"11,2";"11,5";"11,2";"95,0";"96,0";"95,0";"10,5";"10,8";"10,5";"991,0";"991,8";"990,9";"2,9";"242,0";"5,4";"";"0,0"
"02/09/2024";"0600";"11,0";"11,2";"11,0";"96,0";"96,0";"95,0";"10,4";"10,5";"10,4";"990,3";"990,9";"990,3";"2,2";"254,0";"6,6";"";"0,0"
"02/09/2024";"0700";"10,9";"11,1";"10,9";"94,0";"96,0";"94,0";"10,0";"10,4";"10,0";"989,7";"990,4";"989,7";"2,2";"253,0";"4,7";"";"0,0"
"02/09/2024";"0800";"10,6";"10,9";"10,6";"96,0";"96,0";"94,0";"10,0";"10,0";"9,9";"989,8";"989,8";"989,5";"2,5";"259,0";"4,1";"";"0,0"
"02/09/2024";"0900";"10,6";"10,7";"10,5";"94,0";"96,0";"94,0";"9,7";"10,0";"9,7";"989,8";"989,9";"989,7";"2,4";"262,0";"4,8";"";"0,0"
"02/09/2024";"1000";"10,5";"10,7";"10,5";"94,0";"94,0";"93,0";"9,6";"9,7";"9,6";"989,9";"990,0";"989,8";"1,1";"233,0";"4,3";"1,40";"0,0"
"02/09/2024";"1100";"10,6";"10,7";"10,5";"93,0";"94,0";"92,0";"9,5";"9,7";"9,4";"990,7";"990,7";"989,9";"1,3";"229,0";"3,0";"90,80";"0,0"
"02/09/2024";"1200";"10,6";"10,9";"10,5";"93,0";"93,0";"92,0";"9,5";"9,6";"9,3";"991,2";"991,2";"990,7";"1,8";"245,0";"3,3";"246,80";"0,0"
"02/09/2024";"1300";"11,0";"11,0";"10,6";"92,0";"93,0";"91,0";"9,8";"9,8";"9,3";"990,9";"991,5";"990,9";"2,0";"327,0";"3,5";"464,50";"0,0"
"02/09/2024";"1400";"11,5";"11,7";"10,9";"89,0";"92,0";"89,0";"9,8";"10,1";"9,4";"990,9";"991,2";"990,9";"2,5";"294,0";"4,5";"661,20";"0,0"
"02/09/2024";"1500";"12,8";"12,9";"11,5";"85,0";"90,0";"81,0";"10,4";"10,7";"9,6";"990,2";"990,9";"990,2";"3,4";"325,0";"5,2";"1151,30";"0,0"
"02/09/2024";"1600";"14,3";"14,6";"12,5";"79,0";"85,0";"77,0";"10,8";"11,1";"9,8";"989,2";"990,2";"989,2";"3,7";"350,0";"7,3";"1590,20";"0,0"
"02/09/2024";"1700";"15,4";"15,5";"14,1";"74,0";"80,0";"74,0";"10,8";"11,5";"10,1";"988,2";"989,2";"988,2";"3,9";"344,0";"6,5";"1727,10";"0,0"
"02/09/2024";"1800";"16,9";"17,1";"15,1";"70,0";"76,0";"70,0";"11,4";"12,1";"10,5";"987,2";"988,2";"987,2";"2,4";"350,0";"7,3";"1793,30";"0,0"
"02/09/2024";"1900";"18,7";"18,7";"16,5";"66,0";"72,0";"65,0";"12,2";"12,3";"11,1";"986,3";"987,2";"986,3";"2,0";"295,0";"7,0";"1985,00";"0,0"
"02/09/2024";"2000";"18,2";"18,9";"17,8";"68,0";"69,0";"64,0";"12,3";"12,4";"11,4";"985,9";"986,4";"985,9";"0,5";"12,0";"3,8";"723,80";"0,0"
"02/09/2024";"2100";"16,2";"18,9";"16,2";"77,0";"77,0";"63,0";"12,2";"12,8";"11,8";"986,2";"986,2";"985,9";"3,6";"152,0";"5,0";"503,80";"0,0"
"02/09/2024";"2200";"13,5";"16,2";"13,5";"87,0";"87,0";"77,0";"11,5";"12,2";"11,4";"986,0";"986,3";"985,9";"3,1";"127,0";"4,9";"24,10";"0,0"
"02/09/2024";"2300";"13,8";"14,2";"13,3";"85,0";"90,0";"85,0";"11,3";"12,1";"11,3";"986,0";"986,2";"986,0";"3,8";"61,0";"6,5";"";"0,0"
"03/09/2024";"0000";"12,3";"13,8";"12,2";"90,0";"90,0";"85,0";"10,7";"11,3";"10,7";"985,8";"986,1";"985,8";"5,0";"53,0";"7,6";"";"0,0"
"03/09/2024";"0100";"11,7";"12,3";"11,7";"91,0";"91,0";"90,0";"10,3";"10,7";"10,2";"985,7";"985,8";"985,6";"4,9";"34,0";"8,6";"";"0,0"
"03/09/2024";"0200";"11,3";"11,8";"11,3";"91,0";"92,0";"90,0";"9,9";"10,4";"9,9";"985,2";"985,9";"985,0";"5,3";"40,0";"8,1";"";"0,0"
"03/09/2024";"0300";"11,1";"11,4";"10,9";"92,0";"93,0";"91,0";"9,9";"10,2";"9,7";"984,5";"985,2";"984,5";"4,9";"32,0";"8,5";"";"0,0"
"03/09/2024";"0400";"11,3";"11,3";"10,9";"91,0";"93,0";"91,0";"9,9";"10,0";"9,6";"984,4";"984,5";"984,2";"2,6";"42,0";"8,1";"";"0,0"
"03/09/2024";"0500";"11,8";"12,3";"11,3";"88,0";"91,0";"87,0";"9,9";"10,2";"9,7";"984,1";"984,4";"984,1";"4,0";"62,0";"6,4";"";"0,0"
"03/09/2024";"0600";"11,9";"12,2";"11,6";"88,0";"89,0";"86,0";"9,9";"10,0";"9,6";"983,0";"984,1";"983,0";"3,4";"35,0";"8,8";"";"0,0"
"03/09/2024";"0700";"11,8";"12,1";"11,5";"89,0";"89,0";"87,0";"10,0";"10,1";"9,7";"984,2";"984,2";"983,0";"1,1";"91,0";"8,0";"";"0,0"
"03/09/2024";"0800";"10,4";"11,8";"9,9";"94,0";"94,0";"88,0";"9,5";"10,3";"8,7";"984,5";"984,7";"984,2";"1,9";"351,0";"5,8";"";"0,0"
"03/09/2024";"0900";"10,3";"10,7";"9,8";"94,0";"95,0";"92,0";"9,4";"9,8";"8,5";"985,6";"985,6";"984,3";"1,5";"246,0";"3,3";"";"0,0"
"03/09/2024";"1000";"10,0";"10,5";"9,7";"96,0";"96,0";"93,0";"9,3";"9,7";"8,7";"987,1";"987,1";"985,5";"1,6";"236,0";"3,0";"1,40";"0,0"
"03/09/2024";"1100";"10,6";"10,6";"10,0";"96,0";"96,0";"95,0";"10,0";"10,0";"9,3";"987,4";"987,5";"987,1";"0,9";"359,0";"3,0";"112,40";"0,0"
"03/09/2024";"1200";"12,5";"12,6";"10,6";"89,0";"96,0";"89,0";"10,8";"11,1";"9,9";"988,3";"988,3";"987,3";"0,9";"269,0";"2,5";"662,20";"0,0"
"03/09/2024";"1300";"12,5";"13,0";"12,3";"90,0";"91,0";"88,0";"10,9";"11,3";"10,5";"989,2";"989,2";"988,3";"1,6";"220,0";"3,2";"786,40";"0,0"
"03/09/2024";"1400";"14,5";"14,5";"12,5";"83,0";"91,0";"83,0";"11,7";"11,9";"10,7";"989,2";"989,3";"988,9";"1,2";"177,0";"3,1";"1040,50";"0,0"
"03/09/2024";"1500";"16,2";"16,2";"14,3";"78,0";"86,0";"76,0";"12,4";"12,8";"11,2";"988,9";"989,5";"988,9";"1,5";"203,0";"4,5";"1864,60";"0,0"
"03/09/2024";"1600";"18,3";"18,3";"16,3";"72,0";"78,0";"70,0";"13,1";"13,2";"11,7";"988,4";"988,9";"988,1";"2,2";"150,0";"4,1";"2958,90";"0,0"
"03/09/2024";"1700";"19,7";"19,7";"17,9";"67,0";"72,0";"67,0";"13,4";"13,8";"12,3";"988,7";"988,8";"988,3";"2,7";"226,0";"6,8";"2753,40";"0,0"
"03/09/2024";"1800";"20,2";"20,2";"18,5";"65,0";"69,0";"62,0";"13,4";"13,4";"11,7";"988,4";"988,7";"988,2";"2,6";"207,0";"6,8";"1917,80";"0,0"
"03/09/2024";"1900";"19,5";"20,2";"18,7";"67,0";"71,0";"62,0";"13,1";"13,8";"12,1";"988,3";"988,6";"988,3";"1,9";"202,0";"6,1";"1621,80";"0,0"
"03/09/2024";"2000";"19,5";"20,2";"19,4";"63,0";"67,0";"61,0";"12,2";"13,3";"11,9";"988,5";"988,5";"988,2";"1,8";"203,0";"4,9";"1173,50";"0,0"
"03/09/2024";"2100";"19,1";"20,6";"19,1";"66,0";"66,0";"62,0";"12,6";"13,5";"12,1";"989,0";"989,0";"988,5";"0,4";"225,0";"3,6";"413,50";"0,0"
"03/09/2024";"2200";"16,4";"19,1";"16,4";"76,0";"76,0";"66,0";"12,1";"13,1";"12,1";"989,5";"989,5";"989,0";"0,3";"104,0";"0,9";"13,30";"0,0"
"03/09/2024";"2300";"14,4";"16,5";"14,0";"86,0";"86,0";"76,0";"12,1";"12,3";"11,3";"989,8";"989,9";"989,5";"1,0";"26,0";"1,6";"";"0,0"
"04/09/2024";"0000";"13,3";"15,4";"13,1";"90,0";"90,0";"83,0";"11,7";"12,8";"11,3";"990,2";"990,2";"989,8";"0,6";"88,0";"1,6";"";"0,0"
"04/09/2024";"0100";"12,4";"14,9";"10,8";"94,0";"95,0";"85,0";"11,5";"12,8";"9,3";"990,3";"990,4";"990,0";"0,9";"39,0";"1,7";"";"0,0"
"04/09/2024";"0200";"12,2";"12,7";"11,8";"92,0";"95,0";"91,0";"11,0";"11,8";"10,5";"990,5";"990,8";"990,3";"1,4";"56,0";"1,9";"";"0,0"
"04/09/2024";"0300";"11,5";"12,9";"11,1";"93,0";"94,0";"88,0";"10,4";"11,7";"9,4";"990,5";"990,6";"990,4";"1,5";"26,0";"2,5";"";"0,0"
"04/09/2024";"0400";"11,6";"11,9";"10,9";"92,0";"95,0";"92,0";"10,4";"11,1";"10,0";"990,3";"990,6";"990,1";"2,7";"53,0";"3,8";"";"0,0"
"04/09/2024";"0500";"10,2";"13,1";"9,6";"97,0";"97,0";"86,0";"9,7";"11,4";"8,8";"990,3";"990,6";"990,2";"2,6";"145,0";"7,4";"";"0,0"
"04/09/2024";"0600";"11,1";"11,2";"9,2";"98,0";"98,0";"96,0";"10,7";"10,8";"8,7";"990,1";"990,7";"990,1";"1,2";"125,0";"4,1";"";"0,0"
"04/09/2024";"0700";"11,6";"11,8";"10,4";"96,0";"98,0";"96,0";"11,0";"11,4";"9,9";"989,7";"990,1";"989,7";"2,6";"144,0";"3,4";"";"0,2"
"04/09/2024";"0800";"10,8";"11,6";"10,7";"94,0";"96,0";"94,0";"9,9";"11,0";"9,9";"990,7";"990,7";"989,7";"2,9";"160,0";"5,2";"";"0,0"
"04/09/2024";"0900";"10,3";"10,9";"10,3";"96,0";"96,0";"94,0";"9,7";"10,0";"9,7";"990,6";"990,9";"990,3";"3,0";"137,0";"6,1";"";"0,0"
"04/09/2024";"1000";"11,6";"11,6";"10,2";"98,0";"98,0";"96,0";"11,2";"11,2";"9,7";"991,1";"991,1";"989,3";"2,6";"127,0";"7,1";"";"0,0"
"04/09/2024";"1100";"11,9";"11,9";"11,5";"98,0";"98,0";"98,0";"11,6";"11,6";"11,2";"991,3";"992,7";"991,1";"4,9";"108,0";"7,1";"4,20";"0,2"
"04/09/2024";"1200";"12,8";"12,8";"11,9";"96,0";"98,0";"96,0";"12,1";"12,3";"11,5";"992,4";"992,6";"988,3";"4,0";"82,0";"13,1";"16,70";"0,8"
"04/09/2024";"1300";"12,7";"13,0";"12,7";"97,0";"97,0";"94,0";"12,2";"12,3";"12,0";"993,8";"994,8";"992,4";"1,7";"45,0";"6,5";"49,10";"1,6"
"04/09/2024";"1400";"12,7";"12,9";"12,7";"96,0";"97,0";"95,0";"12,1";"12,3";"12,0";"994,4";"994,8";"993,0";"2,3";"145,0";"5,3";"78,30";"3,0"
"04/09/2024";"1500";"12,6";"12,7";"12,5";"97,0";"97,0";"96,0";"12,2";"12,2";"12,0";"995,6";"995,6";"994,5";"1,4";"168,0";"4,6";"78,00";"4,0"
"04/09/2024";"1600";"12,1";"12,6";"12,0";"98,0";"98,0";"97,0";"11,8";"12,2";"11,6";"994,0";"995,6";"993,7";"3,8";"156,0";"8,4";"81,40";"6,4"
"04/09/2024";"1700";"11,4";"12,2";"11,3";"93,0";"98,0";"93,0";"10,3";"11,8";"10,3";"993,0";"994,3";"992,9";"6,1";"148,0";"9,4";"185,20";"4,2"
"04/09/2024";"1800";"10,9";"11,4";"10,9";"95,0";"96,0";"92,0";"10,2";"10,6";"10,0";"993,8";"993,9";"992,7";"4,9";"120,0";"9,4";"125,50";"3,0"
"04/09/2024";"1900";"10,4";"10,9";"10,4";"94,0";"96,0";"94,0";"9,5";"10,3";"9,5";"993,9";"994,5";"993,8";"5,6";"112,0";"8,0";"89,00";"4,0"
"04/09/2024";"2000";"10,6";"10,6";"10,3";"90,0";"95,0";"90,0";"9,0";"9,6";"9,0";"990,4";"993,9";"990,2";"7,2";"69,0";"12,8";"148,50";"1,4"
"04/09/2024";"2100";"10,9";"11,1";"10,6";"87,0";"90,0";"86,0";"8,7";"9,0";"8,7";"993,6";"993,9";"990,4";"2,6";"63,0";"12,8";"90,80";"0,0"
"04/09/2024";"2200";"10,0";"10,9";"10,0";"92,0";"92,0";"86,0";"8,7";"8,8";"8,7";"994,2";"994,8";"993,4";"3,6";"157,0";"5,8";"25,30";"0,0"
"04/09/2024";"2300";"9,6";"10,0";"9,5";"93,0";"94,0";"92,0";"8,5";"8,8";"8,5";"995,7";"995,7";"994,0";"1,7";"173,0";"6,3";"";"0,0"
"05/09/2024";"0000";"8,9";"9,6";"8,7";"95,0";"95,0";"93,0";"8,2";"8,6";"7,9";"996,6";"996,6";"995,7";"1,3";"158,0";"3,9";"";"0,0"
"05/09/2024";"0100";"8,5";"8,9";"8,5";"97,0";"97,0";"95,0";"7,9";"8,3";"7,7";"996,8";"996,8";"996,6";"1,3";"154,0";"3,0";"";"0,0"
"05/09/2024";"0200";"7,3";"8,5";"6,8";"98,0";"98,0";"96,0";"7,0";"7,9";"6,3";"997,3";"997,3";"996,8";"2,0";"263,0";"2,3";"";"0,0"
"05/09/2024";"0300";"7,0";"7,3";"6,6";"98,0";"98,0";"97,0";"6,8";"7,0";"6,2";"997,1";"997,5";"997,1";"1,7";"344,0";"2,3";"";"0,2"
"05/09/2024";"0400";"7,4";"7,4";"6,6";"98,0";"98,0";"98,0";"7,2";"7,2";"6,4";"996,8";"997,1";"996,8";"1,3";"279,0";"2,0";"";"0,0"
"05/09/2024";"0500";"7,5";"7,9";"7,4";"99,0";"99,0";"98,0";"7,3";"7,7";"7,2";"996,8";"996,9";"996,7";"1,9";"255,0";"3,1";"";"0,0"
"05/09/2024";"0600";"7,8";"7,8";"7,4";"99,0";"99,0";"99,0";"7,6";"7,6";"7,2";"996,6";"996,8";"996,5";"2,1";"264,0";"3,5";"";"0,2"
"05/09/2024";"0700";"7,6";"8,0";"7,6";"99,0";"99,0";"99,0";"7,4";"7,8";"7,4";"996,7";"996,8";"996,6";"2,1";"239,0";"4,7";"";"0,0"
"05/09/2024";"0800";"7,3";"7,6";"7,2";"99,0";"99,0";"99,0";"7,1";"7,4";"7,0";"996,9";"997,2";"996,7";"1,1";"291,0";"4,9";"";"0,0"
"05/09/2024";"0900";"7,3";"7,4";"7,2";"99,0";"99,0";"99,0";"7,1";"7,2";"7,0";"997,5";"997,5";"996,9";"1,4";"242,0";"2,3";"";"0,0"
"05/09/2024";"1000";"7,4";"7,5";"7,2";"99,0";"99,0";"99,0";"7,2";"7,3";"7,0";"998,1";"998,1";"997,5";"0,5";"320,0";"3,4";"4,50";"0,0"
"05/09/2024";"1100";"8,1";"8,1";"7,3";"99,0";"99,0";"99,0";"7,9";"7,9";"7,1";"998,6";"998,6";"998,1";"1,6";"204,0";"3,3";"118,80";"0,0"
"05/09/2024";"1200";"9,3";"9,3";"8,1";"99,0";"99,0";"99,0";"9,1";"9,2";"7,9";"999,2";"999,2";"998,5";"1,9";"198,0";"4,5";"557,50";"0,0"
"05/09/2024";"1300";"10,4";"10,9";"9,2";"99,0";"99,0";"99,0";"10,2";"10,7";"9,1";"999,4";"999,7";"999,2";"2,5";"155,0";"4,8";"1081,20";"0,0"
"05/09/2024";"1400";"10,8";"11,1";"9,9";"85,0";"99,0";"84,0";"8,3";"10,0";"8,2";"999,5";"999,6";"999,4";"1,5";"218,0";"4,9";"1440,10";"0,0"
"05/09/2024";"1500";"12,8";"13,2";"10,6";"76,0";"86,0";"72,0";"8,8";"10,0";"7,5";"999,0";"999,5";"999,0";"1,9";"125,0";"3,8";"2837,30";"0,0"
"05/09/2024";"1600";"14,4";"14,6";"12,8";"62,0";"77,0";"62,0";"7,2";"9,3";"6,9";"997,9";"999,0";"997,9";"1,3";"202,0";"3,7";"3180,20";"0,0"
"05/09/2024";"1700";"15,3";"15,5";"14,1";"59,0";"66,0";"53,0";"7,2";"8,5";"5,0";"996,9";"997,9";"996,9";"2,4";"236,0";"5,3";"3087,40";"0,0"
"05/09/2024";"1800";"15,5";"15,9";"14,7";"50,0";"60,0";"47,0";"5,1";"7,2";"4,1";"996,3";"996,9";"996,3";"2,7";"204,0";"8,6";"2736,40";"0,0"
"05/09/2024";"1900";"15,4";"16,1";"14,9";"49,0";"57,0";"48,0";"4,7";"6,9";"4,2";"995,4";"996,3";"995,4";"1,9";"187,0";"5,4";"2139,40";"0,0"
"05/09/2024";"2000";"15,0";"15,6";"14,9";"52,0";"54,0";"46,0";"5,2";"6,0";"3,6";"995,2";"995,7";"995,2";"1,8";"205,0";"4,0";"1378,20";"0,0"
"05/09/2024";"2100";"14,2";"15,1";"14,2";"55,0";"57,0";"51,0";"5,2";"6,0";"4,8";"995,0";"995,4";"995,0";"0,6";"155,0";"2,9";"542,50";"0,0"
"05/09/2024";"2200";"11,3";"14,2";"11,3";"68,0";"70,0";"55,0";"5,6";"6,6";"5,1";"994,4";"995,0";"994,3";"0,7";"51,0";"1,4";"23,70";"0,0"
"05/09/2024";"2300";"10,1";"11,8";"10,1";"76,0";"76,0";"67,0";"6,0";"6,4";"5,6";"994,1";"994,5";"994,1";"1,5";"62,0";"2,2";"";"0,0"
"06/09/2024";"0000";"9,5";"10,8";"8,7";"73,0";"81,0";"68,0";"4,8";"5,9";"4,6";"994,4";"994,4";"993,8";"2,0";"63,0";"4,3";"";"0,0"
"06/09/2024";"0100";"7,8";"9,9";"7,6";"80,0";"81,0";"71,0";"4,5";"4,9";"4,4";"994,5";"994,7";"994,4";"1,0";"37,0";"3,0";"";"0,0"
"06/09/2024";"0200";"6,9";"7,9";"6,5";"84,0";"84,0";"80,0";"4,3";"4,7";"4,0";"993,9";"994,5";"993,9";"2,3";"63,0";"2,8";"";"0,0"
"06/09/2024";"0300";"6,0";"9,6";"6,0";"83,0";"84,0";"69,0";"3,4";"4,6";"3,2";"993,5";"993,9";"993,3";"2,6";"5,0";"3,5";"";"0,0"
"06/09/2024";"0400";"6,9";"7,8";"5,8";"82,0";"87,0";"78,0";"4,0";"4,3";"3,4";"993,1";"993,5";"993,0";"1,1";"17,0";"3,4";"";"0,0"
"06/09/2024";"0500";"7,8";"7,8";"5,8";"78,0";"88,0";"78,0";"4,3";"4,6";"3,4";"992,1";"993,1";"992,1";"4,0";"37,0";"5,3";"";"0,0"
"06/09/2024";"0600";"7,2";"7,9";"7,2";"85,0";"85,0";"78,0";"4,8";"5,0";"3,8";"991,0";"992,2";"991,0";"3,6";"35,0";"5,5";"";"0,0"
"06/09/2024";"0700";"7,5";"7,7";"6,8";"87,0";"89,0";"85,0";"5,5";"5,6";"4,8";"991,0";"991,0";"990,5";"3,7";"56,0";"6,3";"";"0,0"
"06/09/2024";"0800";"8,0";"8,0";"6,6";"88,0";"91,0";"87,0";"6,0";"6,0";"5,0";"991,1";"991,2";"990,9";"3,4";"31,0";"5,6";"";"0,0"
"06/09/2024";"0900";"8,1";"8,2";"7,3";"85,0";"88,0";"85,0";"5,7";"6,0";"5,2";"991,0";"991,3";"990,9";"4,2";"28,0";"7,9";"";"0,0"
"06/09/2024";"1000";"8,4";"8,4";"7,8";"82,0";"85,0";"82,0";"5,6";"5,6";"5,3";"990,8";"991,1";"990,7";"4,1";"27,0";"7,9";"2,90";"0,0"
"06/09/2024";"1100";"10,3";"10,3";"8,5";"78,0";"82,0";"78,0";"6,6";"6,9";"5,5";"991,2";"991,2";"990,8";"2,9";"33,0";"6,2";"451,70";"0,0"
"06/09/2024";"1200";"12,7";"12,7";"10,3";"72,0";"79,0";"70,0";"7,8";"7,8";"6,5";"991,1";"991,3";"991,0";"5,1";"26,0";"8,4";"1304,20";"0,0"
"06/09/2024";"1300";"14,9";"15,1";"12,6";"64,0";"72,0";"62,0";"8,1";"8,4";"7,0";"992,1";"992,1";"990,9";"4,3";"353,0";"8,4";"2073,20";"0,0"
"06/09/2024";"1400";"16,8";"17,0";"14,5";"60,0";"66,0";"58,0";"9,1";"9,5";"7,6";"991,5";"992,1";"991,4";"4,2";"4,0";"7,8";"2678,20";"0,0"
"06/09/2024";"1500";"18,7";"19,0";"16,6";"55,0";"61,0";"51,0";"9,5";"10,0";"8,2";"990,7";"991,5";"990,6";"4,8";"356,0";"8,1";"3061,70";"0,0"
"06/09/2024";"1600";"19,7";"20,2";"18,3";"44,0";"56,0";"42,0";"7,1";"9,7";"7,0";"989,5";"990,7";"989,5";"5,1";"15,0";"8,1";"3212,10";"0,0"
"06/09/2024";"1700";"20,8";"21,3";"19,6";"42,0";"49,0";"38,0";"7,2";"9,2";"5,8";"988,1";"989,5";"988,1";"4,4";"30,0";"7,9";"3101,60";"0,0"
"06/09/2024";"1800";"21,7";"22,0";"20,8";"38,0";"43,0";"35,0";"6,9";"8,0";"5,3";"986,8";"988,1";"986,8";"5,3";"31,0";"7,5";"2754,40";"0,0"
"06/09/2024";"1900";"21,3";"22,1";"21,0";"40,0";"43,0";"34,0";"7,2";"8,1";"5,5";"986,5";"986,8";"986,2";"4,5";"53,0";"7,5";"2061,10";"0,0"
"06/09/2024";"2000";"21,1";"21,4";"21,0";"42,0";"43,0";"38,0";"7,5";"7,9";"6,3";"986,4";"986,5";"986,4";"4,3";"29,0";"7,7";"1389,60";"0,0"
"06/09/2024";"2100";"18,6";"21,1";"18,6";"51,0";"51,0";"40,0";"8,1";"8,6";"7,0";"986,0";"986,4";"986,0";"3,8";"31,0";"7,4";"520,70";"0,0"
"06/09/2024";"2200";"16,1";"18,6";"16,1";"61,0";"61,0";"51,0";"8,5";"8,6";"8,2";"985,9";"986,0";"985,8";"2,9";"36,0";"5,6";"18,90";"0,0"
"06/09/2024";"2300";"14,3";"16,2";"13,6";"72,0";"73,0";"60,0";"9,3";"9,3";"8,5";"986,2";"986,3";"985,9";"3,7";"21,0";"5,7";"";"0,0"
"07/09/2024";"0000";"15,0";"15,4";"14,3";"68,0";"72,0";"67,0";"9,2";"9,7";"9,2";"986,1";"986,2";"985,8";"5,4";"26,0";"8,9";"";"0,0"
"07/09/2024";"0100";"13,5";"15,0";"13,2";"75,0";"75,0";"68,0";"9,1";"9,2";"8,7";"986,9";"986,9";"986,0";"0,8";"358,0";"8,3";"";"0,0"
"07/09/2024";"0200";"11,5";"13,6";"11,5";"86,0";"86,0";"74,0";"9,2";"9,4";"8,5";"987,0";"987,0";"986,5";"2,4";"126,0";"4,5";"";"0,0"
"07/09/2024";"0300";"12,1";"12,5";"11,3";"82,0";"88,0";"81,0";"9,1";"9,6";"8,7";"986,7";"987,0";"986,7";"2,1";"78,0";"3,6";"";"0,0"
"07/09/2024";"0400";"11,5";"12,1";"10,1";"86,0";"89,0";"82,0";"9,2";"9,4";"8,2";"986,2";"986,7";"986,1";"2,6";"77,0";"4,3";"";"0,0"
"07/09/2024";"0500";"11,3";"11,5";"10,4";"83,0";"89,0";"83,0";"8,6";"9,1";"8,4";"986,2";"986,3";"986,2";"2,9";"39,0";"3,9";"";"0,0"
"07/09/2024";"0600";"10,9";"11,9";"10,2";"83,0";"86,0";"80,0";"8,2";"8,9";"7,6";"985,9";"986,2";"985,8";"1,8";"37,0";"3,6";"";"0,0"
"07/09/2024";"0700";"10,3";"11,4";"10,2";"84,0";"87,0";"83,0";"7,8";"8,7";"7,8";"985,8";"985,9";"985,7";"2,9";"4,0";"3,5";"";"0,0"
"07/09/2024";"0800";"10,8";"11,4";"9,9";"87,0";"89,0";"83,0";"8,7";"8,8";"7,8";"986,6";"986,6";"985,8";"0,8";"195,0";"3,5";"";"0,0"
"07/09/2024";"0900";"7,4";"10,9";"7,3";"95,0";"95,0";"85,0";"6,6";"8,8";"6,2";"987,1";"987,1";"986,6";"1,6";"10,0";"2,5";"";"0,0"
"07/09/2024";"1000";"8,7";"8,9";"7,4";"95,0";"96,0";"94,0";"8,0";"8,3";"6,6";"987,5";"987,6";"987,0";"1,9";"358,0";"2,6";"4,10";"0,0"
"07/09/2024";"1100";"11,2";"11,2";"8,8";"91,0";"95,0";"91,0";"9,8";"9,8";"8,0";"988,1";"988,1";"987,5";"1,8";"17,0";"2,5";"202,80";"0,0"
"07/09/2024";"1200";"14,3";"14,3";"11,2";"85,0";"91,0";"85,0";"11,8";"11,9";"9,8";"988,7";"988,7";"988,1";"0,4";"57,0";"2,3";"408,30";"0,0"
"07/09/2024";"1300";"15,5";"15,5";"14,3";"83,0";"85,0";"80,0";"12,5";"12,8";"11,4";"988,8";"988,8";"988,7";"1,0";"121,0";"1,7";"921,40";"0,0"
"07/09/2024";"1400";"17,2";"17,3";"15,5";"69,0";"83,0";"69,0";"11,5";"12,9";"11,4";"988,6";"988,8";"988,6";"2,2";"133,0";"3,6";"1336,20";"0,0"
"07/09/2024";"1500";"18,7";"18,9";"17,2";"70,0";"72,0";"66,0";"13,0";"13,4";"11,6";"988,6";"988,7";"988,6";"2,8";"138,0";"4,3";"2404,10";"0,0"
"07/09/2024";"1600";"19,6";"20,2";"18,7";"65,0";"71,0";"59,0";"12,7";"14,0";"11,6";"988,2";"988,6";"988,2";"2,8";"127,0";"5,2";"2659,80";"0,0"
"07/09/2024";"1700";"20,8";"20,9";"19,6";"64,0";"68,0";"60,0";"13,7";"14,0";"12,3";"987,2";"988,2";"987,2";"2,6";"149,0";"5,6";"2642,20";"0,0"
"07/09/2024";"1800";"21,3";"21,4";"20,5";"59,0";"65,0";"58,0";"12,8";"14,1";"12,3";"986,6";"987,2";"986,6";"3,0";"125,0";"5,5";"2183,70";"0,0"
"07/09/2024";"1900";"21,0";"21,3";"20,8";"64,0";"64,0";"56,0";"14,0";"14,0";"12,1";"986,4";"986,6";"986,3";"3,0";"135,0";"4,9";"1452,30";"0,0"
"07/09/2024";"2000";"20,1";"21,0";"20,1";"66,0";"69,0";"61,0";"13,5";"14,8";"13,3";"986,5";"986,5";"986,2";"3,2";"146,0";"4,8";"787,00";"0,0"
"07/09/2024";"2100";"18,6";"20,1";"18,6";"72,0";"72,0";"65,0";"13,4";"13,7";"13,1";"987,2";"987,2";"986,5";"3,3";"149,0";"4,9";"247,80";"0,0"
"07/09/2024";"2200";"16,9";"18,6";"16,9";"76,0";"76,0";"71,0";"12,7";"13,4";"12,5";"987,8";"987,8";"987,1";"4,2";"144,0";"5,2";"8,40";"0,0"
"07/09/2024";"2300";"16,0";"16,9";"16,0";"80,0";"80,0";"76,0";"12,5";"12,7";"12,4";"988,2";"988,2";"987,7";"3,9";"138,0";"5,4";"";"0,0"
"08/09/2024";"0000";"16,0";"16,7";"15,9";"78,0";"80,0";"75,0";"12,2";"12,6";"12,1";"989,1";"989,1";"988,2";"3,1";"129,0";"5,8";"";"0,0"
"08/09/2024";"0100";"15,3";"16,1";"15,3";"80,0";"82,0";"75,0";"11,8";"12,4";"11,7";"989,8";"989,8";"989,1";"3,5";"124,0";"5,7";"";"0,0"
"08/09/2024";"0200";"14,4";"15,3";"14,4";"84,0";"84,0";"80,0";"11,7";"11,9";"11,7";"989,7";"989,9";"989,7";"2,6";"109,0";"4,9";"";"0,0"
"08/09/2024";"0300";"14,0";"14,6";"13,8";"85,0";"85,0";"80,0";"11,4";"11,7";"11,0";"989,8";"989,9";"989,6";"2,2";"123,0";"4,2";"";"0,0"
"08/09/2024";"0400";"13,6";"14,2";"13,6";"85,0";"88,0";"82,0";"11,1";"11,8";"10,9";"989,9";"990,0";"989,8";"2,0";"132,0";"3,1";"";"0,0"
"08/09/2024";"0500";"13,9";"14,0";"13,5";"86,0";"88,0";"85,0";"11,6";"11,7";"11,1";"990,3";"990,4";"989,9";"1,9";"155,0";"3,0";"";"0,0"
"08/09/2024";"0600";"13,6";"13,9";"13,0";"90,0";"92,0";"86,0";"11,9";"12,0";"11,5";"990,2";"990,4";"989,9";"3,1";"144,0";"3,5";"";"0,0"
"08/09/2024";"0700";"13,5";"13,6";"13,3";"89,0";"91,0";"89,0";"11,8";"11,9";"11,8";"989,9";"990,2";"989,7";"3,2";"141,0";"4,2";"";"0,0"
"08/09/2024";"0800";"13,4";"13,6";"12,9";"86,0";"89,0";"86,0";"11,0";"11,7";"11,0";"990,0";"990,0";"989,7";"3,0";"111,0";"4,3";"";"0,0"
"08/09/2024";"0900";"13,5";"13,6";"12,7";"82,0";"89,0";"82,0";"10,6";"11,0";"10,5";"990,7";"990,7";"990,0";"3,8";"118,0";"5,0";"";"0,0"
"08/09/2024";"1000";"13,2";"13,6";"12,8";"84,0";"88,0";"82,0";"10,7";"11,0";"10,5";"990,9";"990,9";"990,7";"3,3";"121,0";"5,3";"3,80";"0,0"
"08/09/2024";"1100";"13,7";"13,7";"13,2";"83,0";"85,0";"81,0";"10,8";"10,9";"10,4";"991,0";"991,3";"990,7";"4,8";"124,0";"6,0";"152,20";"0,0"
"08/09/2024";"1200";"12,6";"14,0";"12,2";"89,0";"89,0";"78,0";"10,8";"10,9";"9,7";"991,3";"993,7";"990,9";"3,7";"169,0";"7,7";"70,50";"2,2"
"08/09/2024";"1300";"13,4";"13,4";"12,6";"83,0";"90,0";"82,0";"10,6";"11,1";"10,4";"991,9";"991,9";"991,1";"2,4";"100,0";"6,8";"87,30";"0,2"
"08/09/2024";"1400";"14,5";"14,5";"13,4";"79,0";"85,0";"76,0";"10,9";"11,5";"10,2";"992,2";"992,2";"990,9";"2,2";"118,0";"6,3";"613,50";"0,0"
"08/09/2024";"1500";"15,2";"15,2";"14,5";"78,0";"84,0";"76,0";"11,5";"12,2";"10,6";"991,0";"992,3";"990,5";"5,1";"107,0";"7,7";"753,40";"0,0"
"08/09/2024";"1600";"15,6";"16,1";"15,2";"71,0";"78,0";"68,0";"10,4";"11,6";"10,1";"990,6";"991,2";"990,6";"4,3";"112,0";"7,7";"744,70";"0,0"
"08/09/2024";"1700";"15,3";"16,0";"15,3";"72,0";"74,0";"65,0";"10,2";"11,1";"9,4";"992,2";"992,2";"989,9";"2,2";"184,0";"6,3";"466,00";"0,0"
"08/09/2024";"1800";"14,4";"15,3";"14,4";"88,0";"88,0";"72,0";"12,4";"12,4";"10,2";"990,7";"992,6";"990,6";"7,9";"125,0";"11,4";"227,40";"0,0"
"08/09/2024";"1900";"14,7";"14,7";"14,3";"84,0";"88,0";"83,0";"11,9";"12,4";"11,8";"989,3";"990,7";"989,3";"7,1";"106,0";"12,2";"261,30";"0,0"
"08/09/2024";"2000";"15,2";"15,2";"14,7";"79,0";"84,0";"78,0";"11,5";"12,0";"11,4";"989,5";"989,8";"989,1";"5,6";"87,0";"10,6";"394,70";"0,0"
"08/09/2024";"2100";"14,8";"15,2";"14,8";"78,0";"80,0";"78,0";"11,0";"11,5";"11,0";"990,5";"990,9";"989,4";"5,7";"103,0";"11,9";"49,10";"0,0"
"08/09/2024";"2200";"14,5";"14,8";"14,4";"79,0";"81,0";"78,0";"11,0";"11,2";"10,7";"990,1";"990,9";"988,6";"6,8";"74,0";"13,2";"3,00";"0,0"
"08/09/2024";"2300";"15,2";"15,3";"14,5";"78,0";"79,0";"77,0";"11,3";"11,4";"11,0";"991,4";"991,8";"989,6";"3,8";"70,0";"11,7";"";"0,0"
"09/09/2024";"0000";"15,4";"15,6";"14,9";"83,0";"84,0";"77,0";"12,4";"12,4";"11,3";"991,5";"992,2";"990,1";"4,0";"95,0";"9,4";"";"0,0"
"09/09/2024";"0100";"13,3";"15,7";"13,3";"91,0";"91,0";"82,0";"11,8";"12,9";"11,7";"991,6";"993,9";"991,3";"4,0";"132,0";"8,0";"";"0,2"
"09/09/2024";"0200";"13,8";"13,9";"13,3";"92,0";"93,0";"91,0";"12,6";"12,6";"11,8";"990,1";"991,6";"989,8";"4,5";"138,0";"8,0";"";"0,0"
"09/09/2024";"0300";"14,2";"14,3";"13,5";"93,0";"94,0";"92,0";"13,1";"13,4";"12,4";"990,2";"990,7";"989,5";"2,3";"176,0";"6,4";"";"0,0"
"09/09/2024";"0400";"13,7";"14,4";"13,5";"96,0";"96,0";"92,0";"13,1";"13,6";"12,4";"988,8";"990,7";"988,5";"6,0";"123,0";"10,1";"";"0,2"
"09/09/2024";"0500";"14,7";"15,5";"13,7";"96,0";"97,0";"94,0";"14,1";"15,0";"13,3";"990,0";"990,5";"988,8";"3,5";"143,0";"10,1";"";"0,2"
"09/09/2024";"0600";"14,5";"14,7";"14,1";"97,0";"97,0";"96,0";"14,1";"14,1";"13,5";"988,3";"990,3";"987,9";"3,5";"108,0";"8,2";"";"0,0"
"09/09/2024";"0700";"14,0";"16,4";"13,7";"97,0";"97,0";"95,0";"13,5";"15,9";"13,2";"989,8";"989,8";"987,9";"2,8";"189,0";"7,1";"";"0,0"
"09/09/2024";"0800";"14,0";"14,0";"13,6";"97,0";"97,0";"97,0";"13,6";"13,6";"13,1";"988,9";"989,8";"988,5";"6,6";"113,0";"9,5";"";"0,0"
"09/09/2024";"0900";"14,4";"14,4";"14,0";"97,0";"97,0";"96,0";"13,9";"13,9";"13,5";"987,2";"990,4";"987,2";"8,4";"89,0";"12,0";"";"0,4"
"09/09/2024";"1000";"16,5";"16,5";"14,4";"92,0";"97,0";"92,0";"15,2";"15,2";"13,9";"987,8";"987,8";"987,1";"3,3";"83,0";"12,0";"";"0,0"
"09/09/2024";"1100";"17,5";"17,6";"16,5";"87,0";"92,0";"87,0";"15,3";"15,4";"15,1";"988,2";"988,2";"987,8";"3,8";"84,0";"10,4";"65,00";"0,0"
"09/09/2024";"1200";"17,8";"18,3";"17,4";"88,0";"88,0";"84,0";"15,8";"15,9";"15,2";"988,4";"990,8";"988,1";"10,8";"47,0";"15,3";"6,70";"1,8"
"09/09/2024";"1300";"18,2";"18,7";"17,8";"91,0";"91,0";"86,0";"16,7";"16,7";"15,8";"987,5";"989,0";"987,5";"6,0";"69,0";"15,3";"34,60";"3,2"
"09/09/2024";"1400";"19,5";"19,9";"18,2";"84,0";"91,0";"82,0";"16,7";"17,0";"16,5";"987,2";"987,5";"986,8";"10,1";"57,0";"17,1";"803,60";"0,0"
"09/09/2024";"1500";"20,7";"20,7";"19,5";"81,0";"85,0";"81,0";"17,4";"17,7";"16,7";"987,5";"987,5";"987,1";"4,0";"85,0";"15,8";"903,00";"0,0"
"09/09/2024";"1600";"21,2";"21,5";"20,7";"79,0";"82,0";"77,0";"17,5";"17,7";"17,1";"987,0";"987,7";"987,0";"4,4";"72,0";"8,9";"1161,60";"0,0"
"09/09/2024";"1700";"21,4";"21,5";"21,2";"80,0";"82,0";"79,0";"17,9";"18,1";"17,6";"985,9";"987,1";"985,8";"6,5";"61,0";"11,1";"1121,90";"0,0"
"09/09/2024";"1800";"21,5";"21,9";"21,3";"80,0";"81,0";"79,0";"17,9";"18,3";"17,7";"984,5";"985,9";"984,5";"7,6";"56,0";"11,8";"838,90";"0,0"
"09/09/2024";"1900";"20,6";"21,9";"20,6";"84,0";"84,0";"79,0";"17,7";"18,2";"17,7";"983,6";"984,6";"983,4";"7,4";"55,0";"12,4";"332,00";"0,0"
"09/09/2024";"2000";"20,0";"20,7";"20,0";"85,0";"85,0";"83,0";"17,4";"17,9";"17,4";"983,7";"984,1";"983,6";"6,2";"51,0";"13,1";"303,30";"0,0"
"09/09/2024";"2100";"19,9";"20,0";"19,9";"87,0";"87,0";"85,0";"17,7";"17,7";"17,4";"984,1";"984,1";"983,5";"4,3";"58,0";"11,0";"79,50";"0,0"
"09/09/2024";"2200";"19,6";"19,9";"19,5";"89,0";"89,0";"87,0";"17,7";"17,8";"17,7";"984,4";"984,5";"984,1";"4,9";"61,0";"7,7";"8,10";"0,0"
"09/09/2024";"2300";"19,2";"19,6";"19,2";"91,0";"91,0";"89,0";"17,7";"17,7";"17,6";"984,2";"984,7";"984,0";"6,0";"42,0";"8,5";"";"0,0"
"10/09/2024";"0000";"18,9";"19,2";"18,9";"91,0";"92,0";"91,0";"17,4";"17,7";"17,4";"984,1";"984,3";"984,0";"6,9";"33,0";"10,7";"";"0,0"
"10/09/2024";"0100";"18,5";"18,9";"18,5";"92,0";"92,0";"91,0";"17,2";"17,4";"17,2";"984,1";"984,2";"983,9";"7,0";"35,0";"11,9";"";"0,0"
"10/09/2024";"0200";"18,4";"18,6";"18,4";"92,0";"92,0";"92,0";"17,1";"17,3";"17,1";"983,9";"984,3";"983,8";"5,9";"28,0";"10,9";"";"0,0"
"10/09/2024";"0300";"19,2";"19,2";"18,4";"90,0";"92,0";"90,0";"17,5";"17,7";"17,1";"983,1";"984,0";"983,1";"4,2";"20,0";"9,2";"";"0,0"
"10/09/2024";"0400";"18,0";"19,4";"18,0";"93,0";"93,0";"88,0";"16,9";"17,5";"16,6";"983,4";"983,6";"983,1";"2,6";"347,0";"8,1";"";"0,0"
"10/09/2024";"0500";"17,7";"18,6";"17,6";"95,0";"95,0";"92,0";"16,9";"17,4";"16,6";"983,5";"983,8";"983,4";"2,2";"290,0";"4,8";"";"0,0"
"10/09/2024";"0600";"16,8";"17,7";"16,8";"96,0";"96,0";"95,0";"16,2";"16,9";"16,2";"983,2";"983,6";"983,2";"2,2";"281,0";"4,3";"";"0,0"
"10/09/2024";"0700";"17,7";"17,8";"16,7";"97,0";"97,0";"96,0";"17,3";"17,3";"16,2";"982,7";"983,2";"982,7";"2,0";"308,0";"3,8";"";"0,0"
"10/09/2024";"0800";"18,2";"18,3";"17,7";"97,0";"97,0";"97,0";"17,7";"17,9";"17,3";"983,2";"983,2";"982,7";"3,4";"263,0";"6,0";"";"0,0"
"10/09/2024";"0900";"17,7";"18,2";"17,7";"95,0";"97,0";"95,0";"17,0";"17,7";"17,0";"983,7";"983,7";"983,2";"2,3";"260,0";"5,6";"";"0,0"
"10/09/2024";"1000";"17,5";"17,7";"17,5";"92,0";"95,0";"92,0";"16,2";"17,0";"16,2";"984,2";"984,2";"983,7";"2,8";"242,0";"5,3";"4,40";"0,0"
"10/09/2024";"1100";"17,1";"17,5";"17,1";"92,0";"94,0";"92,0";"15,8";"16,3";"15,8";"984,8";"984,8";"984,2";"2,3";"243,0";"5,3";"82,90";"0,0"
"10/09/2024";"1200";"17,3";"17,3";"17,0";"91,0";"92,0";"91,0";"15,8";"15,9";"15,5";"985,1";"985,1";"984,7";"1,5";"249,0";"5,0";"304,90";"0,0"
"10/09/2024";"1300";"17,8";"18,0";"17,1";"87,0";"91,0";"87,0";"15,6";"16,0";"15,4";"985,0";"985,3";"985,0";"0,9";"242,0";"3,9";"530,30";"0,0"
"10/09/2024";"1400";"18,7";"18,8";"17,8";"82,0";"88,0";"82,0";"15,6";"16,1";"15,4";"984,8";"985,1";"984,8";"1,4";"191,0";"3,1";"1136,20";"0,0"
"10/09/2024";"1500";"20,1";"20,6";"18,6";"78,0";"84,0";"76,0";"16,2";"17,0";"15,4";"983,9";"984,9";"983,9";"1,3";"188,0";"3,5";"2149,80";"0,0"
"10/09/2024";"1600";"21,3";"21,7";"19,9";"76,0";"82,0";"74,0";"16,9";"17,3";"16,0";"983,1";"983,9";"983,1";"0,7";"105,0";"3,8";"2298,00";"0,0"
"10/09/2024";"1700";"22,4";"22,4";"21,3";"75,0";"78,0";"73,0";"17,7";"17,7";"16,7";"981,8";"983,1";"981,8";"1,6";"140,0";"3,4";"1995,60";"0,0"
"10/09/2024";"1800";"23,7";"23,7";"22,1";"70,0";"78,0";"70,0";"17,8";"18,5";"17,0";"981,0";"981,8";"981,0";"1,9";"98,0";"3,5";"1746,70";"0,0"
"10/09/2024";"1900";"22,5";"24,0";"22,4";"79,0";"80,0";"68,0";"18,7";"19,0";"17,4";"980,4";"981,1";"980,3";"2,8";"139,0";"3,6";"1272,70";"0,0"
"10/09/2024";"2000";"22,1";"22,7";"22,1";"82,0";"83,0";"78,0";"19,0";"19,2";"18,6";"980,3";"980,4";"980,2";"3,0";"130,0";"3,6";"630,70";"0,0"
"10/09/2024";"2100";"20,7";"22,1";"20,6";"90,0";"90,0";"82,0";"18,9";"19,1";"18,7";"980,0";"980,3";"980,0";"3,0";"123,0";"3,6";"208,30";"0,0"
"10/09/2024";"2200";"20,6";"20,8";"20,0";"86,0";"92,0";"86,0";"18,1";"18,9";"18,1";"980,2";"980,3";"980,0";"2,3";"89,0";"3,7";"12,40";"0,0"
"10/09/2024";"2300";"20,5";"21,4";"20,5";"82,0";"85,0";"79,0";"17,3";"18,2";"17,3";"980,5";"980,5";"980,2";"1,6";"78,0";"3,7";"";"0,0"
"11/09/2024";"0000";"20,5";"20,6";"20,1";"84,0";"85,0";"82,0";"17,8";"17,8";"17,2";"980,1";"980,5";"980,1";"4,4";"50,0";"6,5";"";"0,0"
"11/09/2024";"0100";"21,3";"21,3";"20,5";"81,0";"84,0";"81,0";"17,9";"17,9";"17,6";"979,7";"980,1";"979,7";"5,4";"34,0";"8,6";"";"0,0"
"11/09/2024";"0200";"22,3";"22,8";"21,3";"78,0";"81,0";"76,0";"18,2";"18,3";"17,9";"979,1";"979,7";"979,1";"6,7";"19,0";"11,0";"";"0,0"
"11/09/2024";"0300";"22,6";"22,7";"22,3";"77,0";"78,0";"76,0";"18,3";"18,3";"18,1";"979,4";"979,4";"979,0";"5,7";"360,0";"10,9";"";"0,0"
"11/09/2024";"0400";"22,2";"22,6";"21,7";"78,0";"80,0";"77,0";"18,3";"18,4";"18,1";"979,4";"979,5";"979,4";"3,4";"1,0";"8,9";"";"0,0"
"11/09/2024";"0500";"22,1";"22,8";"22,1";"78,0";"78,0";"76,0";"18,0";"18,4";"18,0";"979,1";"979,4";"979,0";"6,0";"350,0";"9,3";"";"0,0"
"11/09/2024";"0600";"21,6";"22,2";"21,6";"79,0";"79,0";"77,0";"17,8";"18,1";"17,8";"979,3";"979,3";"978,9";"2,8";"309,0";"8,5";"";"0,0"
"11/09/2024";"0700";"21,1";"22,0";"20,8";"81,0";"82,0";"77,0";"17,7";"17,9";"17,6";"979,7";"979,7";"979,2";"2,5";"228,0";"5,1";"";"0,0"
"11/09/2024";"0800";"18,7";"21,1";"18,6";"92,0";"93,0";"81,0";"17,4";"17,8";"17,2";"980,2";"980,2";"979,7";"0,7";"181,0";"5,2";"";"0,0"
"11/09/2024";"0900";"17,8";"18,7";"17,7";"96,0";"96,0";"92,0";"17,1";"17,3";"16,8";"980,7";"980,7";"980,1";"1,1";"3,0";"2,1";"";"0,0"
"11/09/2024";"1000";"18,1";"18,5";"17,6";"95,0";"97,0";"95,0";"17,3";"17,8";"17,0";"981,7";"981,8";"980,7";"1,8";"213,0";"3,7";"1,10";"0,0"
"11/09/2024";"1100";"17,2";"18,1";"17,2";"97,0";"97,0";"95,0";"16,7";"17,3";"16,7";"982,8";"982,8";"981,7";"2,3";"164,0";"5,1";"88,70";"0,0"
"11/09/2024";"1200";"16,8";"17,2";"16,7";"97,0";"97,0";"97,0";"16,4";"16,7";"16,3";"983,3";"983,3";"982,8";"4,3";"151,0";"6,5";"133,60";"0,0"
"11/09/2024";"1300";"16,8";"16,9";"16,7";"98,0";"98,0";"97,0";"16,4";"16,5";"16,3";"983,3";"983,6";"983,2";"5,4";"137,0";"7,6";"251,00";"0,0"
"11/09/2024";"1400";"17,0";"17,4";"16,7";"97,0";"98,0";"97,0";"16,6";"17,0";"16,4";"982,7";"983,4";"982,7";"5,5";"148,0";"8,4";"439,40";"0,0"
"11/09/2024";"1500";"18,0";"18,0";"17,0";"93,0";"97,0";"93,0";"16,8";"16,8";"16,2";"981,9";"982,7";"981,9";"4,5";"124,0";"7,6";"504,60";"0,0"
"11/09/2024";"1600";"18,0";"18,5";"18,0";"88,0";"93,0";"88,0";"16,1";"16,9";"16,0";"982,6";"982,6";"981,9";"5,9";"148,0";"8,0";"562,10";"0,0"
"11/09/2024";"1700";"16,9";"18,0";"16,8";"89,0";"90,0";"88,0";"15,2";"16,0";"15,0";"983,0";"983,2";"982,6";"6,8";"144,0";"11,7";"316,30";"0,0"
"11/09/2024";"1800";"17,0";"17,0";"16,8";"86,0";"89,0";"86,0";"14,6";"15,1";"14,5";"983,2";"983,4";"982,9";"8,6";"147,0";"12,8";"297,00";"0,0"
"11/09/2024";"1900";"16,1";"17,0";"16,0";"90,0";"90,0";"86,0";"14,4";"14,9";"14,3";"984,8";"984,8";"983,2";"6,7";"155,0";"12,4";"224,90";"0,0"
"11/09/2024";"2000";"16,0";"16,1";"15,9";"91,0";"91,0";"89,0";"14,5";"14,5";"14,3";"984,6";"985,0";"983,6";"5,4";"140,0";"11,9";"120,30";"0,0"
"11/09/2024";"2100";"16,5";"16,5";"16,0";"91,0";"92,0";"91,0";"15,0";"15,0";"14,5";"985,5";"985,6";"984,6";"6,4";"130,0";"9,8";"31,90";"0,0"
"11/09/2024";"2200";"16,6";"16,7";"16,4";"90,0";"91,0";"90,0";"15,0";"15,0";"14,9";"986,2";"986,2";"985,4";"6,2";"121,0";"9,2";"3,20";"0,0"
"11/09/2024";"2300";"16,4";"16,6";"16,4";"91,0";"91,0";"89,0";"14,9";"15,0";"14,8";"987,3";"987,3";"986,1";"5,5";"135,0";"9,4";"";"0,0"
"12/09/2024";"0000";"14,5";"16,4";"14,5";"95,0";"95,0";"90,0";"13,8";"14,9";"13,7";"988,1";"988,2";"987,2";"3,7";"160,0";"9,4";"0,90";"0,0"
"12/09/2024";"0100";"14,5";"15,0";"14,3";"96,0";"97,0";"95,0";"13,9";"14,6";"13,7";"988,3";"988,3";"988,0";"5,4";"148,0";"8,9";"";"0,0"
"12/09/2024";"0200";"13,9";"14,5";"13,8";"98,0";"98,0";"96,0";"13,5";"13,8";"13,3";"988,8";"988,9";"988,2";"5,4";"145,0";"9,3";"0,70";"0,0"
"12/09/2024";"0300";"13,8";"14,0";"13,8";"98,0";"98,0";"98,0";"13,5";"13,6";"13,4";"989,1";"989,2";"988,8";"5,0";"143,0";"8,2";"";"0,0"
"12/09/2024";"0400";"13,5";"13,8";"13,5";"98,0";"98,0";"98,0";"13,2";"13,5";"13,2";"989,5";"989,5";"989,1";"5,3";"146,0";"8,0";"0,10";"0,0"
"12/09/2024";"0500";"13,7";"13,7";"13,5";"98,0";"98,0";"98,0";"13,4";"13,4";"13,2";"988,9";"989,5";"988,9";"6,5";"135,0";"8,7";"";"0,0"
"12/09/2024";"0600";"13,6";"13,8";"13,6";"98,0";"98,0";"98,0";"13,3";"13,5";"13,3";"987,7";"988,9";"987,3";"6,9";"132,0";"9,9";"";"0,0"
"12/09/2024";"0700";"13,2";"13,7";"13,2";"95,0";"98,0";"94,0";"12,4";"13,4";"12,4";"988,5";"989,4";"987,5";"6,8";"139,0";"11,9";"0,90";"0,2"
"12/09/2024";"0800";"11,9";"13,2";"11,9";"96,0";"96,0";"94,0";"11,2";"12,4";"11,2";"989,6";"990,5";"987,3";"9,0";"133,0";"13,3";"";"4,2"
"12/09/2024";"0900";"11,2";"11,9";"11,1";"95,0";"96,0";"94,0";"10,5";"11,3";"10,3";"989,3";"990,0";"988,5";"6,0";"108,0";"11,5";"0,30";"5,4"
"12/09/2024";"1000";"11,2";"11,3";"11,0";"96,0";"96,0";"95,0";"10,6";"10,6";"10,3";"989,5";"990,3";"989,2";"6,3";"107,0";"9,0";"";"6,8"
"12/09/2024";"1100";"11,2";"11,2";"11,0";"96,0";"97,0";"96,0";"10,6";"10,7";"10,5";"989,9";"990,2";"989,2";"5,6";"134,0";"10,8";"8,80";"6,6"
"12/09/2024";"1200";"11,0";"11,2";"10,9";"95,0";"97,0";"95,0";"10,3";"10,5";"10,3";"989,9";"990,8";"989,0";"9,7";"121,0";"13,4";"30,30";"1,4"
"12/09/2024";"1300";"11,4";"11,4";"11,0";"95,0";"96,0";"94,0";"10,6";"10,7";"10,2";"990,3";"990,3";"989,9";"5,5";"107,0";"13,4";"99,00";"1,0"
"12/09/2024";"1400";"11,7";"11,7";"11,4";"95,0";"96,0";"95,0";"11,0";"11,0";"10,6";"989,9";"990,4";"989,9";"5,7";"119,0";"8,1";"128,10";"0,2"
"12/09/2024";"1500";"12,0";"12,0";"11,7";"95,0";"96,0";"95,0";"11,2";"11,3";"11,0";"988,6";"989,9";"987,3";"7,0";"138,0";"11,2";"186,40";"0,0"
"12/09/2024";"1600";"12,1";"12,2";"12,0";"94,0";"95,0";"93,0";"11,2";"11,2";"11,0";"988,9";"989,3";"988,3";"7,1";"121,0";"10,8";"213,60";"0,2"
"12/09/2024";"1700";"12,2";"12,2";"12,1";"96,0";"96,0";"94,0";"11,6";"11,7";"11,1";"987,7";"989,0";"987,7";"7,3";"108,0";"12,4";"277,40";"0,0"
"12/09/2024";"1800";"12,7";"12,8";"12,2";"96,0";"97,0";"95,0";"12,0";"12,2";"11,6";"987,1";"987,7";"987,1";"7,7";"120,0";"12,4";"527,10";"0,0"
"12/09/2024";"1900";"13,2";"13,2";"12,7";"93,0";"96,0";"93,0";"12,0";"12,1";"11,9";"987,0";"987,2";"986,9";"7,0";"108,0";"10,5";"183,20";"0,0"
"12/09/2024";"2000";"13,1";"13,2";"13,1";"95,0";"95,0";"93,0";"12,2";"12,3";"12,0";"987,3";"987,3";"986,9";"6,6";"119,0";"9,0";"59,90";"0,0"
"12/09/2024";"2100";"12,7";"13,1";"12,6";"96,0";"96,0";"95,0";"12,1";"12,2";"12,1";"987,3";"987,4";"987,1";"6,1";"120,0";"9,1";"16,40";"0,0"
"12/09/2024";"2200";"12,7";"12,8";"12,6";"94,0";"96,0";"94,0";"11,7";"12,1";"11,7";"987,6";"987,6";"987,3";"6,5";"118,0";"9,7";"0,10";"0,0"
"12/09/2024";"2300";"12,5";"12,6";"12,4";"94,0";"95,0";"94,0";"11,5";"11,7";"11,5";"987,9";"987,9";"987,4";"7,5";"120,0";"10,1";"";"0,0"
"13/09/2024";"0000";"12,5";"12,5";"12,4";"94,0";"94,0";"93,0";"11,4";"11,5";"11,4";"987,4";"987,9";"987,4";"6,0";"111,0";"10,1";"";"0,0"
"13/09/2024";"0100";"12,7";"12,7";"12,5";"94,0";"94,0";"93,0";"11,8";"11,8";"11,4";"987,3";"987,6";"987,3";"4,4";"108,0";"8,7";"";"0,0"
"13/09/2024";"0200";"13,1";"13,1";"12,7";"95,0";"95,0";"94,0";"12,2";"12,2";"11,8";"987,4";"987,5";"987,3";"3,4";"110,0";"6,0";"";"0,0"
"13/09/2024";"0300";"13,1";"13,2";"13,1";"96,0";"96,0";"95,0";"12,4";"12,5";"12,2";"986,9";"987,4";"986,9";"3,1";"125,0";"5,3";"";"0,0"
"13/09/2024";"0400";"13,2";"13,2";"13,0";"96,0";"96,0";"96,0";"12,5";"12,5";"12,4";"986,5";"986,9";"986,5";"3,0";"131,0";"5,0";"";"0,0"
"13/09/2024";"0500";"13,3";"13,3";"13,2";"96,0";"96,0";"96,0";"12,7";"12,7";"12,5";"985,8";"986,5";"985,8";"3,8";"121,0";"5,0";"0,10";"0,0"
"13/09/2024";"0600";"13,4";"13,4";"13,3";"96,0";"96,0";"96,0";"12,7";"12,7";"12,6";"985,1";"985,8";"985,1";"3,6";"112,0";"5,0";"";"0,0"
"13/09/2024";"0700";"13,4";"13,4";"13,3";"97,0";"97,0";"96,0";"12,8";"12,8";"12,7";"984,5";"985,1";"984,5";"2,4";"125,0";"4,7";"";"0,0"
"13/09/2024";"0800";"13,5";"13,5";"13,4";"97,0";"97,0";"97,0";"13,0";"13,0";"12,8";"984,3";"984,5";"984,0";"2,1";"137,0";"3,4";"";"0,0"
"13/09/2024";"0900";"13,5";"13,6";"13,5";"97,0";"97,0";"97,0";"13,1";"13,1";"13,0";"985,0";"985,2";"984,3";"2,2";"138,0";"3,2";"";"0,0"
"13/09/2024";"1000";"13,3";"13,5";"13,3";"97,0";"97,0";"97,0";"12,8";"13,1";"12,8";"985,6";"985,6";"985,0";"1,1";"156,0";"3,0";"4,60";"0,0"
"13/09/2024";"1100";"13,5";"13,6";"13,2";"97,0";"97,0";"97,0";"13,1";"13,1";"12,8";"986,6";"986,6";"985,6";"0,7";"185,0";"2,0";"48,10";"0,0"
"13/09/2024";"1200";"14,1";"14,3";"13,5";"96,0";"97,0";"96,0";"13,5";"13,7";"13,1";"986,6";"986,7";"986,3";"2,0";"154,0";"3,0";"327,30";"0,0"
"13/09/2024";"1300";"14,7";"14,7";"14,1";"94,0";"96,0";"94,0";"13,8";"13,9";"13,5";"986,4";"986,9";"986,4";"1,9";"153,0";"3,5";"365,80";"0,0"
"13/09/2024";"1400";"15,1";"15,3";"14,6";"92,0";"94,0";"91,0";"13,7";"14,1";"13,6";"986,3";"986,7";"985,7";"1,5";"162,0";"4,5";"509,40";"0,0"
"13/09/2024";"1500";"15,7";"15,9";"15,0";"90,0";"93,0";"90,0";"14,1";"14,6";"13,6";"985,0";"986,5";"984,9";"2,5";"140,0";"4,3";"648,10";"0,0"
"13/09/2024";"1600";"16,5";"16,7";"15,5";"87,0";"92,0";"87,0";"14,4";"14,7";"13,8";"984,4";"985,1";"984,3";"1,2";"129,0";"4,3";"826,70";"0,0"
"13/09/2024";"1700";"17,3";"17,4";"16,5";"85,0";"88,0";"85,0";"14,8";"15,0";"14,3";"983,6";"984,6";"983,6";"0,5";"286,0";"2,5";"728,70";"0,0"
"13/09/2024";"1800";"16,5";"17,5";"16,5";"90,0";"90,0";"84,0";"14,8";"15,1";"14,5";"983,3";"983,7";"983,2";"1,7";"204,0";"3,9";"470,20";"0,0"
"13/09/2024";"1900";"16,4";"16,6";"16,4";"92,0";"92,0";"90,0";"15,0";"15,2";"14,8";"983,9";"984,0";"983,1";"0,8";"210,0";"4,3";"186,10";"0,0"
"13/09/2024";"2000";"16,2";"16,4";"16,2";"93,0";"93,0";"92,0";"15,1";"15,1";"15,0";"983,9";"984,6";"983,3";"1,4";"179,0";"3,1";"77,70";"0,0"
"13/09/2024";"2100";"15,8";"16,3";"15,8";"95,0";"95,0";"93,0";"15,0";"15,1";"14,9";"984,8";"984,8";"983,5";"1,4";"180,0";"2,7";"37,40";"0,0"
"13/09/2024";"2200";"15,6";"15,8";"15,6";"97,0";"97,0";"95,0";"15,1";"15,2";"15,0";"985,3";"985,3";"984,8";"2,0";"231,0";"3,7";"3,80";"0,0"
"13/09/2024";"2300";"15,3";"15,6";"15,3";"97,0";"97,0";"97,0";"14,9";"15,2";"14,9";"985,9";"985,9";"985,3";"2,2";"241,0";"4,5";"";"0,2"
"14/09/2024";"0000";"15,4";"15,4";"15,3";"98,0";"98,0";"97,0";"15,0";"15,0";"14,9";"986,3";"986,3";"985,9";"2,5";"240,0";"4,6";"";"0,0"
"14/09/2024";"0100";"15,3";"15,4";"15,3";"98,0";"98,0";"98,0";"14,9";"15,0";"14,9";"986,8";"986,8";"986,3";"2,8";"233,0";"5,5";"";"0,0"
"14/09/2024";"0200";"15,2";"15,3";"15,2";"98,0";"98,0";"98,0";"14,9";"14,9";"14,9";"986,7";"986,8";"986,6";"2,4";"230,0";"5,5";"0,50";"0,0"
"14/09/2024";"0300";"15,0";"15,2";"15,0";"98,0";"98,0";"98,0";"14,6";"14,9";"14,6";"987,0";"987,1";"986,5";"3,1";"230,0";"6,4";"";"0,0"
"14/09/2024";"0400";"14,9";"15,0";"14,8";"98,0";"98,0";"98,0";"14,5";"14,6";"14,5";"987,0";"987,0";"986,7";"2,6";"217,0";"5,8";"";"0,0"
"14/09/2024";"0500";"14,8";"14,9";"14,8";"98,0";"98,0";"98,0";"14,5";"14,5";"14,5";"987,8";"987,8";"987,0";"3,1";"234,0";"5,9";"0,40";"0,2"
"14/09/2024";"0600";"14,7";"14,8";"14,7";"98,0";"98,0";"98,0";"14,4";"14,5";"14,4";"987,4";"987,9";"987,4";"3,0";"210,0";"6,4";"";"0,4"
"14/09/2024";"0700";"14,6";"14,7";"14,6";"98,0";"98,0";"98,0";"14,3";"14,4";"14,3";"987,6";"987,7";"987,5";"2,3";"204,0";"5,3";"0,70";"0,0"
"14/09/2024";"0800";"14,4";"14,6";"14,4";"98,0";"98,0";"98,0";"14,1";"14,3";"14,1";"987,9";"988,1";"987,6";"2,0";"191,0";"6,5";"";"0,2"
"14/09/2024";"0900";"14,3";"14,4";"14,3";"98,0";"98,0";"98,0";"14,0";"14,1";"14,0";"988,9";"988,9";"987,9";"2,3";"183,0";"6,4";"";"0,2"
"14/09/2024";"1000";"13,8";"14,3";"13,8";"97,0";"98,0";"97,0";"13,3";"14,0";"13,3";"990,5";"990,5";"988,9";"2,8";"174,0";"8,5";"4,40";"0,2"
"14/09/2024";"1100";"13,6";"13,8";"13,5";"97,0";"97,0";"95,0";"13,1";"13,3";"12,8";"991,9";"991,9";"990,5";"2,0";"166,0";"7,6";"49,40";"0,0"
"14/09/2024";"1200";"14,1";"14,2";"13,6";"95,0";"97,0";"95,0";"13,3";"13,4";"13,1";"993,1";"993,1";"991,9";"3,5";"154,0";"8,3";"314,10";"0,0"
"14/09/2024";"1300";"14,2";"14,5";"14,0";"93,0";"95,0";"92,0";"13,1";"13,7";"12,9";"994,1";"994,1";"993,1";"2,5";"183,0";"6,7";"537,80";"0,0"
"14/09/2024";"1400";"16,0";"16,2";"14,2";"83,0";"93,0";"83,0";"13,1";"13,7";"12,8";"994,3";"994,3";"994,1";"2,5";"138,0";"7,2";"1535,90";"0,0"
"14/09/2024";"1500";"17,6";"18,0";"15,9";"75,0";"84,0";"70,0";"13,1";"14,2";"11,7";"994,1";"994,4";"994,1";"2,8";"208,0";"5,4";"2485,40";"0,0"
"14/09/2024";"1600";"18,3";"18,6";"16,9";"64,0";"76,0";"61,0";"11,3";"13,5";"10,7";"994,0";"994,2";"994,0";"2,7";"203,0";"6,5";"3005,00";"0,0"
"14/09/2024";"1700";"18,2";"19,6";"17,7";"52,0";"64,0";"49,0";"8,2";"11,4";"7,3";"993,9";"994,1";"993,9";"2,6";"186,0";"6,3";"3155,30";"0,0"
"14/09/2024";"1800";"18,8";"19,5";"18,1";"55,0";"58,0";"46,0";"9,5";"10,6";"6,5";"993,6";"994,0";"993,5";"3,1";"224,0";"7,6";"2780,40";"0,0"
"14/09/2024";"1900";"18,2";"19,7";"18,0";"53,0";"58,0";"48,0";"8,5";"10,9";"7,7";"993,6";"993,6";"993,5";"3,2";"208,0";"6,7";"2128,60";"0,0"
"14/09/2024";"2000";"18,5";"19,3";"17,7";"52,0";"58,0";"50,0";"8,6";"10,0";"7,9";"993,8";"993,8";"993,6";"2,5";"175,0";"6,7";"1258,60";"0,0"
"14/09/2024";"2100";"17,8";"18,7";"17,5";"58,0";"58,0";"50,0";"9,5";"10,1";"7,7";"994,3";"994,3";"993,8";"0,8";"179,0";"5,0";"448,60";"0,0"
"14/09/2024";"2200";"16,1";"17,9";"16,1";"64,0";"64,0";"58,0";"9,3";"10,0";"9,2";"994,9";"994,9";"994,3";"1,1";"203,0";"2,6";"28,70";"0,0"
"14/09/2024";"2300";"14,8";"16,1";"14,8";"79,0";"79,0";"64,0";"11,3";"11,3";"9,3";"995,4";"995,4";"994,9";"2,0";"195,0";"4,4";"";"0,0"
"15/09/2024";"0000";"14,2";"15,2";"14,2";"77,0";"80,0";"77,0";"10,3";"11,4";"10,3";"996,2";"996,2";"995,4";"3,6";"152,0";"6,6";"";"0,0"
"15/09/2024";"0100";"12,5";"14,3";"12,0";"82,0";"88,0";"77,0";"9,5";"10,5";"9,5";"997,2";"997,2";"996,2";"4,2";"111,0";"5,4";"";"0,0"
"15/09/2024";"0200";"10,4";"12,5";"10,4";"87,0";"87,0";"79,0";"8,4";"9,5";"8,4";"997,7";"997,7";"997,2";"4,0";"121,0";"7,3";"";"0,0"
"15/09/2024";"0300";"9,5";"10,4";"9,5";"90,0";"90,0";"87,0";"8,0";"8,8";"8,0";"997,8";"997,8";"997,7";"3,7";"122,0";"5,1";"";"0,0"
"15/09/2024";"0400";"8,8";"9,5";"8,8";"85,0";"91,0";"85,0";"6,5";"8,0";"6,5";"997,5";"997,8";"997,5";"4,3";"129,0";"6,0";"";"0,0"
"15/09/2024";"0500";"7,8";"8,8";"7,6";"90,0";"90,0";"85,0";"6,2";"6,5";"5,9";"997,1";"997,5";"997,1";"3,7";"141,0";"5,7";"";"0,0"
"15/09/2024";"0600";"7,2";"7,9";"6,9";"92,0";"94,0";"88,0";"6,1";"6,6";"5,7";"997,2";"997,2";"997,0";"2,8";"106,0";"4,6";"";"0,0"
"15/09/2024";"0700";"7,3";"7,4";"6,9";"94,0";"94,0";"92,0";"6,4";"6,5";"5,7";"997,4";"997,4";"997,2";"1,5";"80,0";"3,3";"";"0,0"
"15/09/2024";"0800";"7,1";"7,4";"6,6";"92,0";"94,0";"92,0";"5,9";"6,3";"5,6";"997,5";"997,5";"997,3";"2,4";"107,0";"3,1";"";"0,0"
"15/09/2024";"0900";"7,2";"7,3";"6,9";"91,0";"92,0";"90,0";"5,7";"5,9";"5,5";"997,9";"997,9";"997,5";"1,6";"99,0";"2,9";"";"0,0"
"15/09/2024";"1000";"6,2";"7,2";"5,5";"96,0";"96,0";"90,0";"5,6";"5,7";"4,7";"997,9";"997,9";"997,8";"2,3";"134,0";"2,9";"35,60";"0,0"
"15/09/2024";"1100";"8,3";"8,6";"6,2";"91,0";"96,0";"87,0";"7,0";"7,0";"5,7";"998,1";"998,4";"997,9";"2,8";"145,0";"3,7";"587,40";"0,0"
"15/09/2024";"1200";"12,1";"12,1";"8,3";"66,0";"92,0";"66,0";"6,0";"7,5";"5,6";"999,0";"999,0";"998,1";"2,0";"66,0";"3,9";"1442,40";"0,0"
"15/09/2024";"1300";"14,1";"14,6";"11,9";"59,0";"67,0";"58,0";"6,1";"7,1";"5,1";"998,9";"999,2";"998,9";"3,9";"79,0";"7,9";"2211,40";"0,0"
"15/09/2024";"1400";"15,7";"15,8";"14,1";"59,0";"63,0";"57,0";"7,6";"8,4";"6,0";"999,0";"999,1";"998,9";"4,0";"82,0";"8,5";"2814,80";"0,0"
"15/09/2024";"1500";"17,4";"17,5";"15,6";"51,0";"61,0";"46,0";"7,1";"8,4";"5,5";"998,2";"999,0";"998,2";"3,5";"76,0";"7,6";"3219,00";"0,0"
"15/09/2024";"1600";"18,0";"18,2";"16,9";"44,0";"52,0";"37,0";"5,4";"7,5";"3,0";"997,1";"998,2";"997,1";"4,3";"97,0";"7,6";"3366,10";"0,0"
"15/09/2024";"1700";"18,5";"18,9";"17,6";"37,0";"45,0";"34,0";"3,6";"5,7";"2,4";"996,2";"997,1";"996,2";"4,4";"108,0";"8,4";"3247,90";"0,0"
"15/09/2024";"1800";"19,3";"20,0";"18,5";"42,0";"46,0";"36,0";"6,1";"7,2";"3,4";"995,6";"996,2";"995,6";"2,0";"82,0";"7,3";"2836,30";"0,0"
"15/09/2024";"1900";"19,6";"19,8";"19,2";"44,0";"45,0";"38,0";"7,0";"7,6";"4,7";"995,2";"995,6";"995,2";"2,1";"91,0";"5,7";"2226,20";"0,0"
"15/09/2024";"2000";"19,5";"19,7";"19,3";"43,0";"44,0";"40,0";"6,6";"6,9";"5,3";"995,5";"995,5";"995,2";"2,4";"75,0";"5,3";"1454,70";"0,0"
"15/09/2024";"2100";"17,9";"19,5";"17,7";"50,0";"53,0";"40,0";"7,4";"7,8";"5,7";"995,9";"995,9";"995,4";"1,7";"92,0";"4,9";"607,00";"0,0"
"15/09/2024";"2200";"16,3";"17,9";"16,2";"57,0";"58,0";"48,0";"7,8";"7,9";"6,6";"996,4";"996,4";"995,9";"2,6";"141,0";"3,2";"40,60";"0,0"
"15/09/2024";"2300";"13,4";"16,3";"13,4";"70,0";"70,0";"57,0";"8,1";"8,5";"7,8";"997,1";"997,1";"996,4";"3,4";"148,0";"4,2";"";"0,0"
"16/09/2024";"0000";"11,4";"13,4";"11,3";"81,0";"82,0";"71,0";"8,3";"8,5";"8,1";"997,4";"997,4";"997,1";"3,7";"126,0";"5,2";"";"0,0"
"16/09/2024";"0100";"11,7";"11,7";"10,9";"77,0";"83,0";"77,0";"7,9";"8,3";"7,9";"997,8";"997,9";"997,4";"1,6";"100,0";"4,5";"";"0,0"
"16/09/2024";"0200";"11,3";"12,2";"11,2";"85,0";"85,0";"77,0";"8,7";"8,7";"7,6";"997,7";"997,8";"997,6";"1,3";"91,0";"3,3";"";"0,0"
"16/09/2024";"0300";"11,1";"11,5";"11,0";"86,0";"87,0";"84,0";"8,9";"9,2";"8,8";"997,6";"997,7";"997,6";"1,5";"86,0";"2,9";"";"0,0"
"16/09/2024";"0400";"10,9";"11,3";"10,4";"87,0";"89,0";"85,0";"8,8";"9,0";"8,5";"997,2";"997,6";"997,2";"1,9";"53,0";"3,9";"";"0,0"
"16/09/2024";"0500";"10,8";"10,9";"10,4";"86,0";"88,0";"85,0";"8,5";"8,7";"8,2";"997,0";"997,3";"996,9";"2,0";"56,0";"4,6";"";"0,0"
"16/09/2024";"0600";"10,7";"10,9";"10,2";"86,0";"88,0";"85,0";"8,4";"8,6";"8,0";"996,5";"997,0";"996,5";"1,6";"19,0";"3,5";"";"0,0"
"16/09/2024";"0700";"10,4";"10,9";"10,1";"88,0";"88,0";"85,0";"8,5";"8,7";"7,9";"996,6";"996,6";"996,3";"2,5";"17,0";"5,0";"";"0,0"
"16/09/2024";"0800";"9,7";"10,5";"9,7";"88,0";"89,0";"87,0";"7,9";"8,6";"7,9";"996,9";"996,9";"996,5";"1,8";"92,0";"4,4";"";"0,0"
"16/09/2024";"0900";"8,2";"9,7";"8,0";"96,0";"96,0";"88,0";"7,6";"8,2";"7,0";"997,5";"997,5";"996,9";"2,0";"116,0";"3,9";"";"0,0"
"16/09/2024";"1000";"9,1";"9,1";"8,2";"95,0";"96,0";"95,0";"8,3";"8,5";"7,7";"998,4";"998,4";"997,5";"1,2";"151,0";"2,4";"34,90";"0,0"
"16/09/2024";"1100";"11,2";"11,2";"9,1";"90,0";"95,0";"89,0";"9,7";"9,7";"8,4";"999,1";"999,1";"998,4";"1,1";"142,0";"1,8";"590,70";"0,0"
"16/09/2024";"1200";"15,1";"15,1";"11,3";"77,0";"90,0";"77,0";"11,1";"11,3";"9,5";"999,6";"999,6";"999,1";"0,7";"110,0";"1,7";"1395,70";"0,0"
"16/09/2024";"1300";"16,7";"16,8";"15,1";"65,0";"79,0";"64,0";"10,2";"12,5";"9,9";"999,9";"1000,0";"999,6";"2,6";"141,0";"3,8";"2184,00";"0,0"
"16/09/2024";"1400";"17,7";"18,5";"16,7";"59,0";"67,0";"52,0";"9,6";"10,5";"7,7";"999,6";"999,9";"999,6";"3,0";"133,0";"6,3";"2787,50";"0,0"
"16/09/2024";"1500";"19,3";"19,4";"17,7";"50,0";"60,0";"46,0";"8,5";"9,8";"7,0";"999,1";"999,6";"999,1";"3,0";"116,0";"6,3";"3172,20";"0,0"
"16/09/2024";"1600";"20,5";"20,5";"18,5";"47,0";"52,0";"43,0";"8,7";"9,2";"6,5";"998,4";"999,1";"998,4";"1,7";"156,0";"5,8";"3305,60";"0,0"
"16/09/2024";"1700";"21,4";"21,4";"19,9";"45,0";"51,0";"43,0";"9,0";"10,0";"7,7";"997,6";"998,4";"997,6";"1,0";"35,0";"4,0";"3165,30";"0,0"
"16/09/2024";"1800";"21,3";"21,8";"20,9";"47,0";"51,0";"42,0";"9,4";"10,8";"8,0";"997,1";"997,6";"997,1";"2,1";"154,0";"5,2";"2787,70";"0,0"
"16/09/2024";"1900";"21,2";"21,9";"20,9";"46,0";"51,0";"44,0";"9,2";"10,8";"8,4";"996,9";"997,1";"996,8";"2,1";"159,0";"6,3";"2193,30";"0,0"
"16/09/2024";"2000";"21,4";"21,8";"20,9";"47,0";"51,0";"44,0";"9,8";"10,6";"8,9";"996,9";"997,0";"996,8";"1,7";"161,0";"6,3";"1424,90";"0,0"
"16/09/2024";"2100";"20,2";"21,5";"20,2";"55,0";"55,0";"46,0";"10,7";"11,0";"9,1";"996,5";"996,9";"996,4";"1,0";"169,0";"3,8";"592,80";"0,0"
"16/09/2024";"2200";"17,8";"20,2";"17,8";"63,0";"63,0";"54,0";"10,7";"11,0";"10,5";"996,6";"996,7";"996,5";"1,2";"168,0";"3,0";"39,50";"0,0"
"16/09/2024";"2300";"15,5";"18,1";"15,1";"76,0";"77,0";"62,0";"11,4";"11,5";"10,4";"996,9";"996,9";"996,5";"0,4";"48,0";"2,8";"";"0,0"
"17/09/2024";"0000";"14,5";"15,5";"12,9";"80,0";"86,0";"76,0";"11,0";"11,4";"10,3";"997,3";"997,4";"996,9";"1,9";"58,0";"3,2";"";"0,0"
"17/09/2024";"0100";"13,4";"15,5";"12,9";"83,0";"86,0";"75,0";"10,5";"11,2";"10,0";"997,6";"997,7";"997,3";"1,7";"38,0";"3,0";"";"0,0"
"17/09/2024";"0200";"14,0";"14,6";"12,7";"75,0";"84,0";"73,0";"9,7";"10,5";"9,6";"997,3";"997,6";"997,3";"2,8";"56,0";"5,0";"";"0,0"
"17/09/2024";"0300";"13,0";"14,2";"12,6";"86,0";"86,0";"75,0";"10,7";"10,8";"9,8";"997,0";"997,3";"997,0";"1,9";"89,0";"7,3";"";"0,0"
"17/09/2024";"0400";"12,9";"13,5";"12,8";"92,0";"92,0";"85,0";"11,6";"11,6";"10,7";"996,7";"997,0";"996,7";"4,1";"51,0";"6,8";"";"0,0"
"17/09/2024";"0500";"12,6";"13,1";"12,6";"94,0";"94,0";"91,0";"11,7";"12,1";"11,6";"996,3";"996,7";"996,3";"4,2";"32,0";"7,7";"";"0,0"
"17/09/2024";"0600";"12,1";"12,6";"12,1";"98,0";"98,0";"94,0";"11,7";"11,8";"11,5";"995,8";"996,3";"995,8";"5,2";"41,0";"7,4";"";"0,0"
"17/09/2024";"0700";"12,1";"12,3";"12,0";"98,0";"98,0";"98,0";"11,7";"11,9";"11,7";"995,8";"995,8";"995,7";"4,4";"22,0";"8,1";"";"0,0"
"17/09/2024";"0800";"11,7";"12,1";"11,6";"98,0";"98,0";"98,0";"11,4";"11,7";"11,3";"995,9";"996,0";"995,8";"4,1";"37,0";"7,8";"";"0,0"
"17/09/2024";"0900";"12,0";"12,1";"11,7";"97,0";"98,0";"97,0";"11,6";"11,8";"11,4";"996,0";"996,1";"995,9";"4,5";"38,0";"6,9";"";"0,0"
"17/09/2024";"1000";"12,1";"12,1";"11,9";"97,0";"97,0";"97,0";"11,7";"11,7";"11,5";"996,6";"996,6";"996,0";"3,9";"37,0";"7,6";"28,00";"0,0"
"17/09/2024";"1100";"13,3";"13,3";"12,0";"93,0";"97,0";"92,0";"12,2";"12,2";"11,5";"996,9";"996,9";"996,6";"4,2";"49,0";"6,7";"573,60";"0,0"
"17/09/2024";"1200";"15,4";"15,4";"13,4";"84,0";"93,0";"84,0";"12,7";"13,2";"12,2";"997,0";"997,2";"996,9";"5,5";"40,0";"7,9";"1497,80";"0,0"
"17/09/2024";"1300";"18,3";"18,3";"15,4";"68,0";"84,0";"67,0";"12,2";"13,6";"11,9";"996,8";"997,0";"996,6";"5,4";"55,0";"8,7";"2282,50";"0,0"
"17/09/2024";"1400";"20,4";"20,7";"18,3";"52,0";"68,0";"51,0";"10,2";"12,6";"9,8";"996,0";"996,8";"996,0";"6,1";"47,0";"9,2";"2893,40";"0,0"
"17/09/2024";"1500";"21,8";"22,4";"20,4";"40,0";"53,0";"39,0";"7,7";"11,0";"7,6";"995,2";"996,0";"995,2";"6,6";"56,0";"10,3";"3287,80";"0,0"
"17/09/2024";"1600";"23,0";"23,3";"21,6";"39,0";"44,0";"35,0";"8,3";"9,9";"6,3";"994,4";"995,3";"994,4";"5,2";"34,0";"9,7";"3394,90";"0,0"
"17/09/2024";"1700";"24,1";"24,4";"22,8";"33,0";"44,0";"32,0";"6,8";"10,2";"6,6";"993,3";"994,4";"993,3";"5,5";"27,0";"8,6";"3413,60";"0,0"
"17/09/2024";"1800";"23,7";"24,7";"23,1";"33,0";"37,0";"27,0";"6,5";"8,6";"4,6";"992,5";"993,3";"992,5";"4,6";"43,0";"8,5";"2827,60";"0,0"
"17/09/2024";"1900";"24,1";"24,8";"23,1";"33,0";"39,0";"30,0";"6,8";"9,0";"5,6";"992,1";"992,5";"992,1";"4,6";"48,0";"7,5";"2054,40";"0,0"
"17/09/2024";"2000";"22,7";"24,6";"22,3";"41,0";"42,0";"32,0";"8,7";"9,1";"6,3";"992,3";"992,4";"992,1";"3,2";"37,0";"7,5";"1270,60";"0,0"
"17/09/2024";"2100";"21,5";"23,0";"21,5";"47,0";"47,0";"40,0";"9,6";"10,0";"8,4";"992,6";"992,6";"992,3";"1,8";"26,0";"5,0";"524,50";"0,0"
"17/09/2024";"2200";"18,4";"21,5";"18,2";"68,0";"68,0";"47,0";"12,3";"12,3";"9,7";"992,3";"992,6";"992,3";"2,2";"92,0";"4,3";"36,70";"0,0"
"17/09/2024";"2300";"17,5";"19,6";"17,3";"72,0";"73,0";"62,0";"12,4";"12,5";"12,1";"992,2";"992,4";"992,2";"3,5";"69,0";"6,7";"";"0,0"
"18/09/2024";"0000";"16,9";"17,7";"16,8";"77,0";"77,0";"70,0";"12,7";"12,7";"12,0";"992,0";"992,2";"992,0";"4,2";"77,0";"7,9";"";"0,0"
"18/09/2024";"0100";"16,1";"17,0";"16,0";"77,0";"78,0";"76,0";"12,1";"12,8";"12,1";"991,9";"992,2";"991,9";"4,4";"73,0";"8,4";"";"0,0"
"18/09/2024";"0200";"15,4";"16,1";"15,3";"79,0";"80,0";"77,0";"11,8";"12,1";"11,8";"992,7";"992,7";"991,5";"4,3";"59,0";"9,6";"";"0,0"
"18/09/2024";"0300";"14,6";"15,4";"14,6";"84,0";"84,0";"79,0";"12,0";"12,0";"11,6";"993,0";"993,1";"992,7";"3,5";"33,0";"8,3";"";"0,0"
"18/09/2024";"0400";"14,3";"14,6";"14,3";"86,0";"86,0";"84,0";"12,1";"12,1";"11,9";"992,0";"993,0";"991,7";"5,2";"50,0";"8,6";"";"0,0"
"18/09/2024";"0500";"14,4";"14,7";"14,3";"86,0";"86,0";"86,0";"12,2";"12,3";"12,1";"991,5";"992,3";"991,4";"3,8";"56,0";"8,2";"";"0,0"
"18/09/2024";"0600";"14,0";"14,4";"14,0";"88,0";"88,0";"86,0";"12,0";"12,2";"11,9";"991,7";"991,7";"991,2";"2,6";"48,0";"6,7";"";"0,0"
"18/09/2024";"0700";"13,8";"14,1";"13,5";"91,0";"92,0";"88,0";"12,3";"12,4";"12,0";"991,5";"991,7";"991,3";"2,4";"87,0";"5,3";"";"0,0"
"18/09/2024";"0800";"13,5";"13,9";"13,4";"91,0";"92,0";"90,0";"12,1";"12,3";"12,0";"991,2";"991,5";"991,1";"3,1";"72,0";"6,1";"";"0,0"
"18/09/2024";"0900";"13,7";"13,9";"13,5";"90,0";"91,0";"89,0";"12,0";"12,2";"12,0";"991,1";"991,2";"990,9";"5,9";"49,0";"10,0";"";"0,0"
"18/09/2024";"1000";"14,1";"14,1";"13,5";"87,0";"90,0";"87,0";"12,0";"12,1";"11,8";"991,5";"991,5";"991,1";"5,1";"42,0";"8,8";"31,70";"0,0"
"18/09/2024";"1100";"15,7";"15,7";"14,1";"81,0";"87,0";"81,0";"12,4";"12,6";"12,0";"991,6";"991,7";"991,5";"6,9";"39,0";"12,7";"567,90";"0,0"
"18/09/2024";"1200";"18,1";"18,5";"15,6";"68,0";"81,0";"67,0";"12,0";"13,0";"12,0";"992,0";"992,0";"991,6";"6,9";"30,0";"11,2";"1371,30";"0,0"
"18/09/2024";"1300";"20,0";"20,1";"17,8";"62,0";"71,0";"60,0";"12,4";"12,8";"11,8";"992,1";"992,1";"991,9";"6,0";"30,0";"11,3";"2053,70";"0,0"
"18/09/2024";"1400";"21,8";"22,0";"19,9";"54,0";"62,0";"53,0";"12,1";"12,9";"11,6";"991,6";"992,1";"991,6";"4,5";"18,0";"10,0";"2795,70";"0,0"
"18/09/2024";"1500";"23,7";"23,7";"21,2";"50,0";"57,0";"49,0";"12,7";"13,2";"11,3";"990,8";"991,6";"990,8";"3,0";"62,0";"7,1";"3228,10";"0,0"
"18/09/2024";"1600";"24,1";"24,3";"22,9";"48,0";"53,0";"45,0";"12,2";"13,0";"10,9";"990,1";"990,8";"990,1";"3,4";"66,0";"6,9";"3062,90";"0,0"
"18/09/2024";"1700";"24,6";"24,6";"23,5";"49,0";"52,0";"43,0";"13,2";"13,2";"11,0";"989,0";"990,1";"989,0";"3,1";"79,0";"6,1";"3161,60";"0,0"
"18/09/2024";"1800";"24,8";"25,1";"24,0";"46,0";"49,0";"40,0";"12,4";"12,8";"10,2";"988,4";"989,0";"988,4";"2,3";"69,0";"7,0";"2768,80";"0,0"
"18/09/2024";"1900";"24,9";"25,5";"24,5";"44,0";"46,0";"40,0";"11,8";"12,9";"10,9";"987,9";"988,5";"987,9";"3,1";"83,0";"5,4";"2181,00";"0,0"
"18/09/2024";"2000";"24,0";"25,1";"23,9";"48,0";"49,0";"42,0";"12,2";"12,7";"11,0";"987,3";"987,9";"987,3";"3,3";"110,0";"5,8";"1368,10";"0,0"
"18/09/2024";"2100";"21,4";"24,0";"21,4";"58,0";"58,0";"48,0";"12,8";"13,3";"12,1";"987,2";"987,4";"987,2";"2,8";"97,0";"5,8";"593,90";"0,0"
"18/09/2024";"2200";"20,3";"21,4";"20,0";"62,0";"62,0";"58,0";"12,9";"12,9";"12,1";"987,2";"987,3";"987,0";"2,4";"70,0";"4,8";"45,10";"0,0"
"18/09/2024";"2300";"18,2";"20,3";"17,7";"69,0";"71,0";"62,0";"12,4";"13,1";"12,4";"987,6";"987,6";"987,2";"3,6";"59,0";"6,1";"";"0,0"
"19/09/2024";"0000";"15,6";"18,9";"15,3";"77,0";"79,0";"63,0";"11,7";"12,4";"11,3";"987,8";"987,8";"987,5";"3,6";"104,0";"6,5";"";"0,0"
"19/09/2024";"0100";"16,7";"17,5";"15,7";"78,0";"78,0";"69,0";"12,8";"12,8";"11,8";"988,0";"988,1";"987,8";"5,2";"63,0";"9,4";"";"0,0"
"19/09/2024";"0200";"15,9";"16,8";"15,8";"83,0";"83,0";"78,0";"12,9";"13,0";"12,7";"987,9";"988,0";"987,9";"5,3";"54,0";"9,1";"";"0,0"
"19/09/2024";"0300";"15,4";"15,9";"15,3";"85,0";"85,0";"82,0";"12,9";"12,9";"12,8";"988,0";"988,0";"987,9";"3,9";"66,0";"7,9";"";"0,0"
"19/09/2024";"0400";"14,8";"15,6";"14,3";"87,0";"89,0";"84,0";"12,6";"12,9";"12,2";"987,7";"988,1";"987,7";"4,4";"60,0";"7,3";"";"0,0"
"19/09/2024";"0500";"14,7";"14,9";"14,3";"87,0";"89,0";"86,0";"12,5";"12,7";"12,4";"986,9";"987,7";"986,9";"3,7";"61,0";"7,3";"";"0,0"
"19/09/2024";"0600";"14,5";"14,7";"14,3";"89,0";"89,0";"87,0";"12,7";"12,8";"12,5";"985,7";"986,9";"985,7";"4,0";"58,0";"7,2";"";"0,0"
"19/09/2024";"0700";"15,1";"15,2";"14,4";"85,0";"89,0";"84,0";"12,5";"12,7";"12,5";"985,0";"985,7";"985,0";"4,9";"41,0";"8,1";"";"0,0"
"19/09/2024";"0800";"14,6";"15,2";"14,5";"86,0";"86,0";"84,0";"12,3";"12,6";"12,2";"985,0";"985,1";"984,9";"4,0";"38,0";"8,0";"";"0,0"
"19/09/2024";"0900";"14,4";"14,7";"14,2";"85,0";"87,0";"84,0";"11,9";"12,3";"11,8";"985,3";"985,3";"985,0";"2,6";"33,0";"5,9";"";"0,0"
"19/09/2024";"1000";"15,1";"15,1";"14,0";"83,0";"87,0";"83,0";"12,2";"12,2";"11,6";"985,3";"985,4";"985,3";"3,4";"50,0";"6,5";"42,20";"0,0"
"19/09/2024";"1100";"17,5";"17,5";"15,1";"76,0";"83,0";"76,0";"13,3";"13,4";"12,3";"985,2";"985,3";"985,1";"7,7";"35,0";"11,2";"614,80";"0,0"
"19/09/2024";"1200";"19,9";"19,9";"17,4";"71,0";"77,0";"71,0";"14,5";"14,5";"13,2";"985,0";"985,4";"985,0";"6,5";"36,0";"11,2";"1402,90";"0,0"
"19/09/2024";"1300";"21,2";"21,2";"19,7";"67,0";"72,0";"67,0";"14,9";"14,9";"14,2";"984,5";"985,0";"984,5";"8,3";"33,0";"13,5";"1952,00";"0,0"
"19/09/2024";"1400";"22,3";"22,3";"21,1";"67,0";"68,0";"64,0";"15,7";"15,9";"14,5";"984,1";"984,6";"984,1";"6,6";"36,0";"12,4";"1866,60";"0,0"
"19/09/2024";"1500";"24,2";"24,4";"22,3";"61,0";"66,0";"61,0";"16,2";"16,6";"15,4";"982,9";"984,1";"982,9";"7,5";"41,0";"11,1";"2220,90";"0,0"
"19/09/2024";"1600";"25,0";"25,3";"24,0";"57,0";"62,0";"57,0";"15,9";"16,6";"15,4";"981,7";"983,0";"981,7";"6,9";"48,0";"12,2";"2266,00";"0,0"
"19/09/2024";"1700";"24,9";"25,3";"24,3";"59,0";"61,0";"57,0";"16,3";"17,0";"15,8";"980,4";"981,8";"980,2";"7,0";"45,0";"11,5";"1383,30";"0,0"
"19/09/2024";"1800";"24,2";"25,1";"24,2";"62,0";"62,0";"59,0";"16,5";"16,8";"16,2";"978,3";"980,5";"978,3";"6,8";"41,0";"11,6";"925,90";"0,0"
"19/09/2024";"1900";"23,5";"24,2";"23,4";"65,0";"65,0";"62,0";"16,5";"16,5";"16,3";"976,5";"978,3";"976,0";"7,0";"43,0";"12,0";"156,50";"0,0"
"19/09/2024";"2000";"21,4";"23,7";"20,4";"78,0";"83,0";"64,0";"17,3";"17,6";"16,5";"977,1";"979,4";"976,2";"9,9";"47,0";"15,5";"";"3,4"
"19/09/2024";"2100";"21,3";"24,9";"19,2";"80,0";"90,0";"60,0";"17,7";"18,1";"16,4";"978,0";"979,7";"976,6";"4,9";"97,0";"26,8";"83,40";"0,2"
"19/09/2024";"2200";"21,6";"22,3";"21,3";"77,0";"81,0";"74,0";"17,5";"17,9";"17,3";"976,7";"978,1";"976,7";"5,9";"61,0";"8,6";"68,40";"0,0"
"19/09/2024";"2300";"20,9";"21,8";"20,9";"80,0";"80,0";"76,0";"17,4";"17,6";"17,3";"977,7";"977,7";"976,6";"4,3";"85,0";"11,2";"";"0,0"
"20/09/2024";"0000";"19,9";"21,5";"19,9";"89,0";"89,0";"80,0";"18,0";"18,2";"17,4";"979,8";"980,4";"977,7";"5,0";"42,0";"12,7";"";"3,8"
"20/09/2024";"0100";"20,0";"20,1";"19,4";"90,0";"93,0";"89,0";"18,4";"18,5";"18,0";"979,5";"980,1";"978,7";"4,8";"12,0";"10,6";"";"5,2"
"20/09/2024";"0200";"19,6";"20,1";"19,2";"93,0";"96,0";"90,0";"18,4";"19,0";"18,2";"978,0";"980,0";"977,4";"4,3";"38,0";"11,0";"";"10,2"
"20/09/2024";"0300";"19,2";"20,1";"19,0";"97,0";"97,0";"91,0";"18,7";"18,7";"18,0";"980,9";"981,6";"977,7";"5,1";"233,0";"13,3";"";"16,6"
"20/09/2024";"0400";"19,0";"19,2";"19,0";"97,0";"97,0";"97,0";"18,6";"18,7";"18,5";"979,9";"980,9";"979,4";"2,6";"22,0";"13,3";"";"1,6"
"20/09/2024";"0500";"19,4";"19,7";"19,0";"96,0";"97,0";"96,0";"18,8";"19,2";"18,5";"980,1";"981,0";"979,8";"3,8";"24,0";"6,5";"";"0,0"
"20/09/2024";"0600";"19,2";"19,5";"19,0";"93,0";"96,0";"93,0";"18,1";"18,8";"18,1";"980,5";"980,6";"979,6";"1,6";"31,0";"5,7";"";"0,0"
"20/09/2024";"0700";"19,2";"19,4";"18,8";"93,0";"94,0";"92,0";"18,1";"18,2";"17,8";"980,5";"980,5";"979,1";"2,4";"84,0";"4,9";"";"0,0"
"20/09/2024";"0800";"18,5";"19,2";"18,5";"93,0";"93,0";"92,0";"17,3";"18,0";"17,3";"980,8";"980,9";"980,5";"4,4";"16,0";"8,4";"";"0,0"
"20/09/2024";"0900";"18,6";"18,8";"18,5";"94,0";"94,0";"93,0";"17,6";"17,7";"17,4";"981,8";"981,8";"980,8";"3,4";"21,0";"7,5";"";"0,0"
"20/09/2024";"1000";"18,5";"18,8";"18,4";"94,0";"95,0";"93,0";"17,5";"17,8";"17,4";"982,5";"982,8";"981,8";"1,6";"34,0";"5,1";"10,00";"0,0"
"20/09/2024";"1100";"18,4";"18,7";"18,4";"96,0";"96,0";"94,0";"17,8";"17,8";"17,5";"984,4";"984,4";"982,4";"2,3";"279,0";"3,0";"86,40";"0,0"
"20/09/2024";"1200";"18,9";"18,9";"18,4";"95,0";"96,0";"95,0";"18,2";"18,2";"17,8";"984,8";"984,8";"984,1";"1,3";"238,0";"4,8";"153,00";"0,0"
"20/09/2024";"1300";"19,1";"19,1";"18,9";"95,0";"95,0";"95,0";"18,2";"18,3";"18,1";"985,9";"985,9";"984,7";"2,1";"217,0";"4,3";"258,90";"0,0"
"20/09/2024";"1400";"19,8";"19,9";"19,1";"93,0";"95,0";"92,0";"18,7";"18,8";"18,3";"986,7";"986,7";"985,6";"1,8";"201,0";"6,0";"422,50";"0,0"
"20/09/2024";"1500";"19,6";"20,1";"18,8";"94,0";"96,0";"91,0";"18,5";"18,9";"18,0";"986,8";"986,9";"986,5";"3,4";"165,0";"7,0";"510,60";"0,0"
"20/09/2024";"1600";"19,3";"19,6";"18,9";"92,0";"95,0";"92,0";"18,0";"18,4";"17,9";"988,0";"988,0";"986,8";"1,7";"82,0";"9,3";"529,60";"0,0"
"20/09/2024";"1700";"19,6";"19,7";"19,3";"91,0";"92,0";"89,0";"18,0";"18,2";"17,7";"987,5";"988,0";"987,5";"1,5";"152,0";"3,7";"369,40";"0,0"
"20/09/2024";"1800";"19,4";"19,7";"19,3";"92,0";"93,0";"90,0";"18,1";"18,2";"17,7";"987,0";"987,5";"987,0";"2,6";"158,0";"5,1";"396,90";"0,0"
"20/09/2024";"1900";"19,1";"19,6";"19,1";"92,0";"92,0";"89,0";"17,8";"18,2";"17,7";"987,4";"987,4";"986,9";"4,0";"148,0";"8,0";"270,10";"0,0"
"20/09/2024";"2000";"19,6";"19,7";"19,0";"93,0";"96,0";"92,0";"18,4";"18,7";"17,8";"987,7";"987,7";"987,4";"3,3";"118,0";"6,4";"370,60";"0,2"
"20/09/2024";"2100";"19,2";"19,7";"19,2";"91,0";"93,0";"90,0";"17,6";"18,5";"17,6";"987,9";"988,2";"987,7";"4,9";"114,0";"7,5";"219,20";"0,0"
"20/09/2024";"2200";"19,0";"19,2";"18,8";"86,0";"92,0";"85,0";"16,5";"17,7";"16,5";"988,8";"988,8";"987,9";"6,0";"109,0";"8,8";"58,20";"0,0"
"20/09/2024";"2300";"17,3";"19,0";"17,2";"76,0";"89,0";"76,0";"13,0";"16,5";"13,0";"989,6";"989,6";"988,8";"6,0";"110,0";"9,0";"";"0,0"
"21/09/2024";"0000";"14,4";"17,3";"14,3";"82,0";"82,0";"76,0";"11,3";"13,0";"11,3";"990,0";"990,0";"989,4";"4,5";"121,0";"8,4";"";"0,0"
"21/09/2024";"0100";"14,0";"15,0";"13,4";"81,0";"84,0";"77,0";"10,8";"11,3";"10,6";"990,6";"990,6";"990,0";"4,0";"116,0";"7,2";"";"0,0"
"21/09/2024";"0200";"13,6";"14,1";"13,2";"79,0";"83,0";"78,0";"10,1";"10,8";"10,1";"990,4";"990,9";"990,4";"4,1";"111,0";"6,1";"";"0,0"
"21/09/2024";"0300";"12,5";"13,7";"12,4";"85,0";"85,0";"79,0";"10,0";"10,2";"9,9";"990,7";"990,8";"990,3";"3,4";"128,0";"6,0";"";"0,0"
"21/09/2024";"0400";"11,9";"12,5";"11,8";"86,0";"86,0";"84,0";"9,5";"10,0";"9,5";"990,6";"990,7";"990,5";"2,6";"101,0";"4,7";"";"0,0"
"21/09/2024";"0500";"11,9";"12,8";"11,8";"85,0";"86,0";"82,0";"9,6";"9,8";"9,3";"990,4";"990,8";"990,4";"2,8";"134,0";"4,1";"";"0,0"
"21/09/2024";"0600";"11,7";"12,4";"11,3";"86,0";"89,0";"84,0";"9,5";"10,0";"9,3";"990,0";"990,6";"990,0";"1,8";"122,0";"3,4";"";"0,0"
"21/09/2024";"0700";"12,1";"12,1";"11,2";"92,0";"94,0";"86,0";"10,9";"11,0";"9,3";"989,6";"990,0";"989,6";"1,5";"68,0";"3,5";"";"0,0"
"21/09/2024";"0800";"12,2";"12,5";"11,5";"94,0";"95,0";"90,0";"11,2";"11,6";"10,1";"989,9";"990,0";"989,6";"2,5";"154,0";"3,7";"";"0,0"
"21/09/2024";"0900";"13,2";"13,2";"10,9";"97,0";"98,0";"93,0";"12,8";"12,8";"10,1";"990,3";"990,3";"989,8";"3,2";"98,0";"5,1";"";"0,0"
"21/09/2024";"1000";"14,7";"14,7";"13,2";"92,0";"97,0";"92,0";"13,4";"13,4";"12,7";"990,5";"990,5";"990,3";"2,2";"61,0";"5,1";"26,70";"0,0"
"21/09/2024";"1100";"16,0";"16,0";"14,7";"91,0";"92,0";"91,0";"14,5";"14,5";"13,4";"990,3";"990,5";"990,1";"3,1";"65,0";"6,9";"255,70";"0,0"
"21/09/2024";"1200";"17,4";"17,5";"16,0";"83,0";"92,0";"83,0";"14,5";"14,9";"14,5";"990,6";"990,7";"990,2";"4,5";"85,0";"8,9";"666,40";"0,0"
"21/09/2024";"1300";"19,3";"19,9";"17,4";"74,0";"84,0";"73,0";"14,5";"15,8";"14,5";"990,4";"990,7";"990,4";"4,8";"67,0";"8,8";"1977,30";"0,0"
"21/09/2024";"1400";"21,0";"21,4";"19,2";"69,0";"77,0";"69,0";"15,1";"16,0";"14,6";"990,2";"990,5";"990,1";"5,8";"54,0";"9,0";"2409,50";"0,0"
"21/09/2024";"1500";"22,1";"22,8";"20,4";"66,0";"73,0";"65,0";"15,5";"16,6";"14,9";"989,6";"990,2";"989,6";"4,6";"66,0";"9,6";"3211,90";"0,0"
"21/09/2024";"1600";"24,6";"24,6";"22,1";"61,0";"69,0";"60,0";"16,6";"16,7";"15,2";"988,7";"989,6";"988,7";"4,8";"56,0";"8,5";"3353,80";"0,0"
"21/09/2024";"1700";"24,2";"24,9";"23,7";"59,0";"63,0";"56,0";"15,7";"16,6";"15,3";"987,9";"988,8";"987,9";"6,0";"35,0";"8,9";"3105,50";"0,0"
"21/09/2024";"1800";"23,9";"25,1";"23,8";"59,0";"61,0";"57,0";"15,4";"16,9";"15,1";"987,0";"987,9";"987,0";"5,4";"50,0";"9,3";"2661,40";"0,0"
"21/09/2024";"1900";"24,1";"24,5";"23,7";"61,0";"62,0";"57,0";"16,1";"16,4";"15,0";"985,9";"987,0";"985,9";"4,8";"66,0";"8,7";"2066,50";"0,0"
"21/09/2024";"2000";"23,7";"24,4";"23,6";"63,0";"64,0";"58,0";"16,4";"16,5";"15,3";"985,3";"985,9";"985,3";"4,2";"65,0";"8,3";"1528,00";"0,0"
"21/09/2024";"2100";"22,2";"23,8";"22,2";"70,0";"70,0";"62,0";"16,5";"16,8";"16,1";"985,4";"985,5";"985,3";"2,5";"82,0";"7,8";"605,20";"0,0"
"21/09/2024";"2200";"20,5";"22,2";"20,5";"77,0";"77,0";"70,0";"16,4";"16,6";"16,3";"985,6";"985,6";"985,3";"2,0";"89,0";"4,3";"38,00";"0,0"
"21/09/2024";"2300";"19,1";"20,7";"18,5";"84,0";"86,0";"77,0";"16,3";"16,5";"16,0";"985,6";"985,7";"985,5";"3,0";"96,0";"4,2";"";"0,0"
"22/09/2024";"0000";"18,4";"19,2";"18,1";"87,0";"88,0";"84,0";"16,2";"16,6";"15,8";"986,1";"986,1";"985,5";"2,2";"89,0";"4,2";"";"0,0"
"22/09/2024";"0100";"17,9";"18,8";"17,9";"90,0";"90,0";"87,0";"16,2";"16,8";"16,2";"986,1";"986,2";"985,9";"2,0";"56,0";"5,6";"";"0,0"
"22/09/2024";"0200";"17,7";"18,2";"17,7";"92,0";"92,0";"89,0";"16,3";"16,5";"16,3";"985,8";"986,2";"985,6";"4,6";"56,0";"7,8";"";"0,0"
"22/09/2024";"0300";"18,0";"18,0";"17,5";"93,0";"93,0";"92,0";"16,8";"16,8";"16,2";"985,4";"985,8";"985,2";"5,7";"44,0";"9,9";"";"0,0"
"22/09/2024";"0400";"18,1";"18,2";"17,9";"92,0";"93,0";"92,0";"16,8";"16,9";"16,8";"985,1";"985,4";"985,0";"6,5";"38,0";"11,4";"";"0,0"
"22/09/2024";"0500";"18,2";"18,4";"18,1";"90,0";"92,0";"89,0";"16,6";"16,8";"16,4";"983,9";"985,1";"983,8";"6,7";"38,0";"11,9";"";"0,0"
"22/09/2024";"0600";"17,7";"18,4";"17,7";"90,0";"90,0";"89,0";"16,0";"16,7";"16,0";"983,2";"984,0";"983,1";"6,8";"46,0";"13,6";"";"0,0"
"22/09/2024";"0700";"17,0";"17,8";"16,9";"91,0";"91,0";"90,0";"15,4";"16,0";"15,4";"982,7";"983,2";"982,7";"5,2";"45,0";"10,9";"";"0,0"
"22/09/2024";"0800";"16,7";"17,1";"16,7";"91,0";"91,0";"90,0";"15,2";"15,5";"15,2";"983,2";"983,2";"982,5";"4,9";"34,0";"10,2";"";"0,0"
"22/09/2024";"0900";"16,5";"16,7";"16,5";"93,0";"93,0";"91,0";"15,4";"15,5";"15,1";"983,2";"983,5";"983,1";"5,1";"35,0";"7,8";"";"0,0"
"22/09/2024";"1000";"16,7";"16,7";"16,4";"93,0";"94,0";"93,0";"15,5";"15,6";"15,3";"983,2";"983,4";"982,9";"6,1";"28,0";"11,9";"67,50";"0,0"
"22/09/2024";"1100";"18,0";"18,0";"16,7";"90,0";"93,0";"89,0";"16,2";"16,2";"15,5";"983,7";"984,0";"983,3";"6,1";"28,0";"10,0";"603,30";"0,0"
"22/09/2024";"1200";"20,2";"20,3";"18,0";"80,0";"90,0";"80,0";"16,7";"17,1";"16,1";"983,7";"983,8";"983,6";"5,3";"37,0";"9,3";"1487,30";"0,0"
"22/09/2024";"1300";"23,0";"23,0";"20,1";"72,0";"81,0";"72,0";"17,8";"18,1";"16,8";"982,9";"983,7";"982,9";"6,0";"38,0";"9,1";"2122,20";"0,0"
"22/09/2024";"1400";"25,0";"25,0";"22,8";"68,0";"74,0";"68,0";"18,6";"18,9";"17,3";"982,7";"983,0";"982,6";"5,5";"31,0";"9,9";"2602,40";"0,0"
"22/09/2024";"1500";"26,2";"26,7";"25,0";"67,0";"70,0";"65,0";"19,5";"20,4";"18,4";"982,1";"982,8";"982,1";"5,8";"7,0";"9,7";"2844,70";"0,0"
"22/09/2024";"1600";"27,7";"27,8";"26,0";"65,0";"69,0";"64,0";"20,4";"20,9";"19,2";"980,7";"982,1";"980,7";"7,0";"8,0";"10,0";"2740,00";"0,0"
"22/09/2024";"1700";"29,2";"29,4";"27,7";"62,0";"66,0";"61,0";"21,2";"21,9";"20,5";"980,0";"980,7";"980,0";"5,2";"355,0";"9,4";"2667,70";"0,0"
"22/09/2024";"1800";"29,6";"29,9";"29,0";"63,0";"65,0";"60,0";"21,8";"22,2";"20,9";"979,3";"980,0";"979,3";"4,7";"359,0";"7,1";"2173,90";"0,0"
"22/09/2024";"1900";"29,0";"29,7";"29,0";"65,0";"66,0";"62,0";"21,7";"22,5";"21,5";"978,9";"979,3";"978,9";"4,8";"20,0";"7,4";"1676,10";"0,0"
"22/09/2024";"2000";"26,8";"29,1";"26,7";"71,0";"71,0";"65,0";"21,0";"22,1";"21,0";"978,4";"978,9";"978,2";"4,3";"31,0";"7,5";"783,10";"0,0"
"22/09/2024";"2100";"25,5";"26,8";"25,4";"76,0";"76,0";"71,0";"20,9";"21,2";"20,8";"978,3";"978,8";"977,9";"5,1";"14,0";"10,7";"286,40";"0,0"
"22/09/2024";"2200";"24,6";"25,6";"24,6";"76,0";"76,0";"75,0";"20,1";"20,8";"20,1";"979,1";"979,1";"978,3";"4,0";"21,0";"9,0";"37,80";"0,0"
"22/09/2024";"2300";"23,5";"24,9";"23,5";"81,0";"81,0";"76,0";"20,2";"20,5";"20,0";"980,1";"980,1";"979,1";"3,9";"34,0";"7,8";"";"0,0"
"23/09/2024";"0000";"24,3";"24,4";"23,5";"77,0";"82,0";"77,0";"20,1";"20,5";"20,0";"981,2";"981,2";"980,0";"4,4";"24,0";"8,4";"";"0,0"
"23/09/2024";"0100";"23,5";"24,3";"23,5";"84,0";"84,0";"77,0";"20,6";"20,6";"20,0";"981,5";"981,5";"981,2";"4,5";"27,0";"7,7";"";"0,0"
"23/09/2024";"0200";"23,2";"23,7";"22,7";"87,0";"88,0";"84,0";"20,9";"21,0";"20,5";"981,5";"981,7";"981,5";"3,5";"2,0";"6,2";"";"0,0"
"23/09/2024";"0300";"23,3";"23,3";"22,5";"86,0";"89,0";"86,0";"20,8";"21,0";"20,6";"981,8";"981,8";"981,3";"2,1";"343,0";"5,1";"";"0,0"
"23/09/2024";"0400";"21,6";"23,3";"20,9";"95,0";"95,0";"86,0";"20,7";"20,9";"19,6";"981,8";"982,1";"981,8";"1,8";"151,0";"3,8";"";"0,0"
"23/09/2024";"0500";"21,9";"22,0";"21,3";"93,0";"95,0";"93,0";"20,7";"21,0";"20,3";"981,7";"981,8";"981,6";"1,0";"92,0";"2,4";"";"0,0"
"23/09/2024";"0600";"22,3";"22,3";"21,7";"92,0";"93,0";"92,0";"20,9";"21,0";"20,5";"982,3";"982,3";"981,7";"0,9";"340,0";"2,0";"";"0,0"
"23/09/2024";"0700";"22,7";"22,8";"22,1";"89,0";"92,0";"89,0";"20,9";"21,1";"20,7";"982,1";"982,3";"982,0";"1,2";"322,0";"1,7";"0,50";"0,0"
"23/09/2024";"0800";"22,0";"22,7";"21,8";"92,0";"94,0";"89,0";"20,6";"21,0";"20,6";"981,3";"982,1";"981,3";"2,6";"155,0";"8,1";"";"0,0"
"23/09/2024";"0900";"21,0";"22,0";"21,0";"96,0";"96,0";"92,0";"20,4";"20,7";"20,4";"981,7";"982,1";"981,3";"7,3";"138,0";"10,1";"";"0,0"
"23/09/2024";"1000";"21,0";"21,0";"20,7";"97,0";"97,0";"96,0";"20,5";"20,5";"20,2";"982,3";"982,3";"981,5";"5,1";"121,0";"10,1";"3,70";"0,0"
"23/09/2024";"1100";"20,7";"21,1";"20,7";"97,0";"97,0";"97,0";"20,3";"20,6";"20,3";"980,7";"983,9";"980,7";"8,5";"111,0";"14,4";"4,30";"1,8"
"23/09/2024";"1200";"20,3";"20,9";"20,2";"97,0";"97,0";"97,0";"19,9";"20,5";"19,8";"986,7";"986,7";"980,7";"5,5";"87,0";"16,6";"2,00";"6,6"
"23/09/2024";"1300";"19,5";"20,4";"17,4";"98,0";"98,0";"96,0";"19,1";"19,5";"17,0";"988,9";"988,9";"986,0";"4,9";"283,0";"28,0";"4,60";"30,4"
"23/09/2024";"1400";"19,0";"19,5";"18,9";"97,0";"98,0";"97,0";"18,5";"19,1";"18,5";"986,6";"988,9";"986,6";"3,3";"289,0";"9,8";"46,20";"5,4"
"23/09/2024";"1500";"16,7";"19,0";"16,6";"97,0";"97,0";"95,0";"16,3";"18,5";"16,1";"985,1";"989,0";"985,1";"7,9";"129,0";"13,8";"75,60";"4,8"
"23/09/2024";"1600";"17,7";"17,7";"16,7";"97,0";"97,0";"97,0";"17,2";"17,2";"16,2";"983,4";"985,8";"983,2";"6,3";"107,0";"11,4";"98,70";"1,2"
"23/09/2024";"1700";"18,0";"18,2";"17,7";"96,0";"97,0";"95,0";"17,4";"17,6";"17,1";"984,3";"984,6";"983,2";"3,5";"110,0";"9,0";"262,10";"0,0"
"23/09/2024";"1800";"20,9";"20,9";"18,0";"81,0";"96,0";"81,0";"17,4";"17,7";"17,2";"981,7";"984,3";"981,3";"3,9";"60,0";"9,5";"419,40";"0,0"
"23/09/2024";"1900";"21,4";"21,6";"20,9";"80,0";"82,0";"77,0";"17,9";"18,4";"17,1";"983,5";"983,5";"981,7";"2,1";"91,0";"7,5";"825,90";"0,0"
"23/09/2024";"2000";"19,8";"21,4";"19,7";"91,0";"92,0";"80,0";"18,3";"18,3";"17,7";"983,6";"984,9";"983,5";"5,3";"97,0";"6,9";"150,40";"0,0"
"23/09/2024";"2100";"19,5";"20,0";"19,5";"89,0";"93,0";"88,0";"17,7";"18,4";"17,6";"983,6";"984,4";"983,3";"4,1";"59,0";"7,7";"131,60";"0,0"
"23/09/2024";"2200";"19,3";"19,5";"19,2";"91,0";"92,0";"89,0";"17,8";"17,8";"17,7";"984,5";"984,7";"983,5";"4,3";"91,0";"9,5";"13,90";"0,0"
"23/09/2024";"2300";"19,4";"19,4";"19,1";"90,0";"92,0";"90,0";"17,7";"17,9";"17,7";"985,7";"985,7";"984,5";"4,0";"62,0";"8,1";"";"0,0"
"24/09/2024";"0000";"19,3";"19,4";"19,1";"89,0";"91,0";"89,0";"17,4";"17,7";"17,3";"985,9";"985,9";"984,6";"5,3";"53,0";"9,9";"";"0,0"
"24/09/2024";"0100";"18,9";"19,4";"18,7";"92,0";"93,0";"89,0";"17,6";"17,7";"17,4";"986,5";"987,1";"985,6";"3,5";"93,0";"9,0";"";"0,6"
"24/09/2024";"0200";"18,3";"18,9";"18,2";"97,0";"97,0";"92,0";"17,8";"17,9";"17,6";"986,9";"987,1";"985,6";"3,6";"117,0";"8,8";"";"5,4"
"24/09/2024";"0300";"18,1";"18,4";"18,1";"97,0";"97,0";"97,0";"17,7";"17,9";"17,7";"986,2";"986,9";"986,2";"4,2";"127,0";"6,2";"";"0,0"
"24/09/2024";"0400";"18,2";"18,3";"18,1";"97,0";"97,0";"97,0";"17,7";"17,8";"17,7";"986,3";"986,3";"986,1";"3,2";"128,0";"5,9";"";"0,0"
"24/09/2024";"0500";"18,3";"18,4";"18,2";"97,0";"97,0";"97,0";"17,8";"17,9";"17,7";"986,2";"986,4";"986,2";"2,6";"121,0";"4,4";"";"0,0"
"24/09/2024";"0600";"18,8";"18,9";"18,3";"92,0";"97,0";"92,0";"17,5";"18,0";"17,5";"985,1";"986,2";"985,1";"4,2";"109,0";"6,6";"0,80";"0,0"
"24/09/2024";"0700";"18,7";"19,1";"18,3";"91,0";"95,0";"90,0";"17,3";"17,7";"17,3";"983,6";"985,1";"983,6";"5,4";"97,0";"9,6";"0,80";"0,0"
"24/09/2024";"0800";"19,0";"19,0";"18,8";"88,0";"91,0";"88,0";"17,0";"17,4";"17,0";"982,3";"983,6";"982,3";"5,2";"81,0";"10,7";"";"0,0"
"24/09/2024";"0900";"18,8";"19,0";"18,6";"91,0";"91,0";"88,0";"17,3";"17,3";"17,0";"984,9";"984,9";"982,1";"3,6";"143,0";"11,2";"";"0,4"
"24/09/2024";"1000";"18,1";"18,9";"17,9";"96,0";"96,0";"90,0";"17,5";"17,6";"17,2";"984,1";"987,2";"983,0";"5,7";"125,0";"12,5";"0,20";"4,4"
"24/09/2024";"1100";"18,0";"18,1";"17,9";"97,0";"97,0";"96,0";"17,5";"17,6";"17,4";"985,5";"985,9";"983,9";"6,2";"129,0";"9,2";"6,10";"3,4"
"24/09/2024";"1200";"17,9";"18,1";"17,8";"97,0";"97,0";"97,0";"17,5";"17,6";"17,4";"986,9";"988,4";"984,8";"2,7";"118,0";"9,2";"5,20";"9,6"
"24/09/2024";"1300";"18,1";"18,1";"17,9";"98,0";"98,0";"97,0";"17,7";"17,7";"17,4";"985,1";"986,9";"985,1";"4,2";"104,0";"8,4";"37,70";"1,2"
"24/09/2024";"1400";"18,7";"18,7";"18,1";"96,0";"98,0";"96,0";"18,1";"18,2";"17,7";"984,2";"986,2";"983,7";"3,9";"116,0";"5,8";"59,70";"1,6"
"24/09/2024";"1500";"19,1";"19,4";"18,7";"95,0";"96,0";"94,0";"18,3";"18,5";"18,1";"985,6";"985,6";"982,9";"2,8";"177,0";"7,5";"82,00";"0,4"
"24/09/2024";"1600";"19,6";"19,6";"18,4";"97,0";"97,0";"95,0";"19,1";"19,1";"17,9";"982,8";"987,0";"982,8";"5,9";"53,0";"10,6";"176,20";"8,8"
"24/09/2024";"1700";"19,8";"20,5";"19,6";"93,0";"97,0";"90,0";"18,7";"19,5";"18,7";"983,7";"984,7";"982,2";"1,7";"160,0";"9,0";"420,80";"3,0"
"24/09/2024";"1800";"20,5";"20,5";"19,7";"89,0";"95,0";"88,0";"18,6";"19,1";"18,4";"980,1";"983,7";"980,1";"8,1";"37,0";"11,6";"873,30";"1,2"
"24/09/2024";"1900";"20,3";"20,6";"20,2";"86,0";"89,0";"84,0";"17,9";"18,6";"17,7";"981,3";"981,4";"980,1";"9,3";"42,0";"13,1";"193,80";"0,0"
"24/09/2024";"2000";"19,8";"20,3";"19,7";"89,0";"90,0";"86,0";"18,0";"18,1";"17,8";"982,0";"982,3";"981,0";"6,0";"45,0";"13,1";"129,70";"0,4"
"24/09/2024";"2100";"19,8";"20,0";"19,7";"89,0";"91,0";"88,0";"18,0";"18,2";"18,0";"983,8";"984,7";"982,0";"4,8";"109,0";"11,6";"11,40";"0,0"
"24/09/2024";"2200";"19,5";"19,9";"19,4";"91,0";"91,0";"88,0";"17,9";"18,0";"17,7";"983,6";"984,6";"983,1";"3,0";"72,0";"6,9";"0,40";"0,0"
"24/09/2024";"2300";"19,4";"19,7";"19,3";"89,0";"91,0";"88,0";"17,5";"18,0";"17,5";"983,1";"983,7";"982,8";"4,4";"86,0";"9,5";"";"0,0"
"25/09/2024";"0000";"19,5";"19,6";"19,3";"88,0";"89,0";"87,0";"17,4";"17,6";"17,4";"983,7";"984,1";"983,0";"4,7";"63,0";"9,5";"";"0,0"
"25/09/2024";"0100";"19,3";"19,5";"19,1";"89,0";"90,0";"87,0";"17,4";"17,4";"17,4";"984,3";"984,8";"983,7";"2,8";"76,0";"10,1";"";"0,0"
"25/09/2024";"0200";"19,4";"19,5";"19,1";"88,0";"90,0";"88,0";"17,4";"17,4";"17,3";"984,0";"984,6";"983,8";"5,8";"62,0";"9,9";"";"0,0"
"25/09/2024";"0300";"19,7";"19,8";"19,3";"85,0";"89,0";"85,0";"17,2";"17,5";"17,2";"983,1";"984,1";"983,1";"8,4";"50,0";"12,8";"";"0,0"
"25/09/2024";"0400";"19,3";"19,8";"19,3";"90,0";"90,0";"85,0";"17,5";"17,5";"17,2";"983,7";"983,7";"982,3";"3,6";"95,0";"14,7";"";"0,4"
"25/09/2024";"0500";"19,0";"19,3";"18,6";"91,0";"93,0";"90,0";"17,5";"17,7";"17,4";"983,2";"985,2";"982,3";"5,2";"70,0";"9,1";"";"2,8"
"25/09/2024";"0600";"18,3";"19,2";"18,3";"95,0";"95,0";"91,0";"17,6";"17,8";"17,5";"983,4";"983,6";"981,4";"3,5";"190,0";"9,3";"";"6,8"
"25/09/2024";"0700";"18,5";"18,6";"18,3";"97,0";"97,0";"95,0";"18,1";"18,1";"17,6";"983,4";"983,5";"981,2";"3,3";"25,0";"9,3";"";"10,0"
"25/09/2024";"0800";"19,2";"19,3";"18,5";"95,0";"97,0";"95,0";"18,3";"18,7";"18,1";"981,6";"983,4";"981,3";"3,6";"42,0";"7,1";"";"2,4"
"25/09/2024";"0900";"19,3";"19,4";"19,1";"93,0";"95,0";"92,0";"18,3";"18,3";"18,1";"983,0";"983,0";"981,6";"6,2";"36,0";"9,6";"";"2,8"
"25/09/2024";"1000";"19,5";"19,5";"19,3";"93,0";"94,0";"93,0";"18,3";"18,4";"18,3";"982,5";"983,4";"982,5";"4,8";"35,0";"9,6";"1,20";"1,8"
"25/09/2024";"1100";"19,3";"19,7";"19,2";"93,0";"94,0";"92,0";"18,1";"18,4";"18,1";"981,5";"983,2";"981,3";"6,9";"58,0";"11,1";"25,90";"0,6"
"25/09/2024";"1200";"19,1";"19,5";"19,1";"93,0";"93,0";"92,0";"18,0";"18,2";"17,9";"982,4";"984,1";"981,5";"5,6";"40,0";"10,1";"48,60";"2,2"
"25/09/2024";"1300";"18,7";"19,2";"18,6";"96,0";"96,0";"92,0";"18,1";"18,1";"17,9";"984,5";"985,6";"981,9";"3,7";"139,0";"10,9";"31,40";"3,8"
"25/09/2024";"1400";"18,9";"19,0";"18,7";"96,0";"96,0";"96,0";"18,3";"18,3";"18,0";"983,5";"985,3";"983,5";"5,0";"29,0";"7,0";"53,20";"4,6"
"25/09/2024";"1500";"19,2";"19,2";"18,9";"94,0";"96,0";"94,0";"18,2";"18,3";"18,2";"983,5";"984,2";"982,3";"6,3";"33,0";"9,3";"87,40";"3,8"
"25/09/2024";"1600";"19,1";"19,3";"19,0";"94,0";"95,0";"94,0";"18,2";"18,3";"18,1";"983,9";"984,3";"983,0";"4,6";"19,0";"9,1";"51,90";"3,4"
"25/09/2024";"1700";"19,0";"19,2";"19,0";"95,0";"95,0";"94,0";"18,2";"18,3";"18,2";"984,0";"985,0";"983,2";"5,6";"30,0";"8,3";"45,60";"2,6"
"25/09/2024";"1800";"19,0";"19,2";"19,0";"96,0";"96,0";"95,0";"18,3";"18,4";"18,2";"984,5";"985,8";"983,5";"2,7";"355,0";"8,4";"63,00";"1,8"
"25/09/2024";"1900";"19,4";"19,4";"18,9";"95,0";"96,0";"95,0";"18,5";"18,6";"18,3";"984,2";"984,5";"983,0";"4,3";"5,0";"6,3";"190,70";"1,0"
"25/09/2024";"2000";"19,0";"19,5";"19,0";"96,0";"96,0";"92,0";"18,3";"18,5";"18,1";"983,3";"984,9";"983,2";"2,1";"192,0";"6,3";"118,50";"1,0"
"25/09/2024";"2100";"18,8";"19,0";"18,6";"97,0";"97,0";"96,0";"18,3";"18,4";"18,2";"984,5";"985,4";"981,4";"3,4";"218,0";"7,0";"45,00";"0,8"
"25/09/2024";"2200";"18,5";"18,8";"18,5";"97,0";"97,0";"97,0";"18,1";"18,3";"18,1";"984,7";"985,4";"983,8";"1,6";"65,0";"7,0";"3,50";"0,4"
"25/09/2024";"2300";"18,5";"18,6";"18,5";"98,0";"98,0";"97,0";"18,1";"18,2";"18,1";"985,6";"986,1";"983,9";"1,4";"22,0";"5,7";"";"0,4"
"26/09/2024";"0000";"18,5";"18,6";"18,5";"98,0";"98,0";"98,0";"18,2";"18,2";"18,1";"987,1";"987,1";"985,5";"0,8";"226,0";"2,3";"";"0,0"
"26/09/2024";"0100";"18,0";"18,7";"18,0";"98,0";"98,0";"98,0";"17,6";"18,2";"17,6";"987,0";"988,1";"987,0";"3,4";"146,0";"4,7";"0,60";"0,2"
"26/09/2024";"0200";"18,1";"18,1";"18,0";"98,0";"98,0";"98,0";"17,7";"17,8";"17,6";"988,0";"988,0";"986,5";"1,5";"194,0";"4,7";"0,20";"0,0"
"26/09/2024";"0300";"17,8";"18,1";"17,7";"98,0";"98,0";"98,0";"17,4";"17,7";"17,4";"986,7";"988,2";"986,7";"4,5";"59,0";"6,6";"";"0,2"
"26/09/2024";"0400";"18,0";"18,1";"17,8";"98,0";"98,0";"98,0";"17,6";"17,7";"17,4";"986,1";"987,3";"986,0";"2,2";"117,0";"6,6";"";"0,6"
"26/09/2024";"0500";"17,0";"18,0";"17,0";"98,0";"98,0";"98,0";"16,7";"17,7";"16,7";"985,8";"987,4";"985,8";"3,0";"136,0";"4,6";"0,40";"1,6"
"26/09/2024";"0600";"16,9";"17,1";"16,9";"98,0";"98,0";"98,0";"16,6";"16,7";"16,6";"986,5";"986,6";"985,4";"3,3";"137,0";"5,0";"";"2,4"
"26/09/2024";"0700";"16,5";"16,9";"16,5";"98,0";"98,0";"98,0";"16,2";"16,6";"16,2";"985,9";"986,6";"985,3";"4,1";"134,0";"7,1";"0,40";"2,2"
"26/09/2024";"0800";"16,5";"16,6";"16,4";"98,0";"98,0";"98,0";"16,2";"16,3";"16,2";"987,9";"987,9";"985,9";"2,1";"210,0";"5,6";"0,20";"1,8"
"26/09/2024";"0900";"16,5";"16,8";"16,4";"98,0";"98,0";"98,0";"16,2";"16,5";"16,1";"986,1";"988,1";"985,7";"1,6";"162,0";"8,4";"";"2,6"
"26/09/2024";"1000";"16,4";"16,5";"16,4";"98,0";"98,0";"98,0";"16,1";"16,2";"16,1";"989,1";"989,1";"986,1";"2,3";"223,0";"5,1";"8,30";"0,0"
"26/09/2024";"1100";"16,2";"16,4";"16,2";"98,0";"98,0";"98,0";"15,9";"16,1";"15,9";"989,9";"989,9";"989,1";"2,4";"238,0";"4,4";"49,30";"0,2"
"26/09/2024";"1200";"16,3";"16,3";"16,1";"98,0";"98,0";"98,0";"16,0";"16,0";"15,8";"988,8";"990,2";"988,6";"3,8";"44,0";"5,2";"94,70";"0,2"
"26/09/2024";"1300";"16,6";"16,8";"16,2";"98,0";"98,0";"98,0";"16,3";"16,5";"15,9";"989,7";"989,7";"988,8";"1,5";"154,0";"5,3";"369,70";"0,2"
"26/09/2024";"1400";"17,0";"17,0";"16,6";"98,0";"98,0";"98,0";"16,7";"16,7";"16,4";"989,9";"990,0";"989,6";"1,4";"216,0";"2,6";"255,30";"0,4"
"26/09/2024";"1500";"16,9";"17,9";"16,9";"98,0";"98,0";"98,0";"16,7";"17,6";"16,7";"989,2";"989,9";"989,2";"3,5";"227,0";"5,6";"939,00";"0,0"
"26/09/2024";"1600";"17,7";"17,7";"16,9";"97,0";"98,0";"97,0";"17,3";"17,3";"16,7";"989,6";"989,9";"988,6";"2,4";"222,0";"6,6";"865,70";"0,0"
"26/09/2024";"1700";"17,6";"18,5";"17,6";"92,0";"97,0";"89,0";"16,2";"17,6";"16,2";"988,9";"989,7";"988,7";"2,1";"214,0";"6,3";"1454,20";"0,0"
"26/09/2024";"1800";"16,8";"17,6";"16,6";"96,0";"97,0";"92,0";"16,2";"16,4";"15,8";"988,8";"988,9";"988,3";"2,3";"204,0";"6,1";"363,50";"0,2"
"26/09/2024";"1900";"16,2";"16,9";"16,2";"96,0";"96,0";"94,0";"15,6";"16,3";"15,5";"989,1";"989,2";"988,7";"2,8";"201,0";"8,1";"307,90";"0,4"
"26/09/2024";"2000";"15,7";"16,2";"15,7";"96,0";"97,0";"96,0";"15,1";"15,6";"15,0";"988,8";"989,3";"988,7";"3,9";"167,0";"8,3";"161,10";"1,0"
"26/09/2024";"2100";"15,6";"15,8";"15,6";"95,0";"97,0";"95,0";"14,8";"15,3";"14,8";"988,9";"989,2";"988,7";"3,2";"173,0";"8,9";"76,00";"0,0"
"26/09/2024";"2200";"15,4";"15,7";"15,4";"96,0";"96,0";"95,0";"14,7";"14,9";"14,7";"990,1";"990,1";"988,9";"3,1";"168,0";"10,0";"23,30";"0,0"
"26/09/2024";"2300";"15,1";"15,5";"15,1";"96,0";"96,0";"95,0";"14,4";"14,7";"14,4";"990,7";"990,7";"990,1";"3,8";"169,0";"8,4";"";"0,2"
"27/09/2024";"0000";"14,8";"15,1";"14,8";"97,0";"97,0";"96,0";"14,3";"14,4";"14,3";"991,5";"991,5";"990,7";"2,7";"192,0";"8,7";"";"2,4"
"27/09/2024";"0100";"14,8";"14,8";"14,7";"97,0";"97,0";"97,0";"14,3";"14,3";"14,2";"991,2";"991,6";"991,2";"3,0";"166,0";"7,9";"0,10";"0,8"
"27/09/2024";"0200";"14,7";"14,9";"14,7";"96,0";"97,0";"95,0";"14,1";"14,3";"14,0";"991,6";"991,6";"991,1";"2,8";"170,0";"8,1";"";"0,0"
"27/09/2024";"0300";"14,6";"14,8";"14,6";"96,0";"96,0";"95,0";"14,0";"14,1";"13,9";"991,8";"991,8";"991,5";"2,9";"186,0";"8,0";"";"0,0"
"27/09/2024";"0400";"14,1";"14,6";"14,1";"97,0";"97,0";"96,0";"13,7";"14,0";"13,7";"991,8";"991,9";"991,7";"2,2";"193,0";"8,0";"";"0,4"
"27/09/2024";"0500";"14,1";"14,1";"14,0";"98,0";"98,0";"97,0";"13,8";"13,8";"13,7";"991,8";"991,9";"991,7";"2,4";"185,0";"5,8";"";"0,4"
"27/09/2024";"0600";"13,6";"14,1";"13,6";"98,0";"98,0";"98,0";"13,3";"13,8";"13,3";"991,8";"992,0";"991,8";"3,0";"189,0";"7,1";"";"0,4"
"27/09/2024";"0700";"13,7";"13,7";"13,6";"98,0";"98,0";"98,0";"13,3";"13,4";"13,3";"991,9";"991,9";"991,7";"2,4";"178,0";"7,1";"";"0,2"
"27/09/2024";"0800";"13,7";"13,7";"13,6";"98,0";"98,0";"98,0";"13,3";"13,3";"13,3";"992,1";"992,1";"991,8";"2,2";"184,0";"5,5";"";"0,0"
"27/09/2024";"0900";"13,8";"13,8";"13,6";"98,0";"98,0";"98,0";"13,4";"13,4";"13,3";"992,5";"992,6";"992,1";"3,2";"157,0";"6,3";"";"0,0"
"27/09/2024";"1000";"13,8";"13,9";"13,8";"97,0";"98,0";"97,0";"13,3";"13,5";"13,3";"993,4";"993,4";"992,5";"2,2";"176,0";"5,9";"53,80";"0,0"
"27/09/2024";"1100";"14,2";"14,2";"13,8";"95,0";"97,0";"95,0";"13,4";"13,5";"13,2";"993,7";"993,7";"993,4";"3,0";"161,0";"7,6";"279,00";"0,0"
"27/09/2024";"1200";"15,0";"15,0";"14,2";"91,0";"96,0";"90,0";"13,6";"13,8";"13,2";"994,4";"994,4";"993,7";"3,0";"161,0";"6,0";"816,60";"0,0"
"27/09/2024";"1300";"15,5";"15,7";"14,8";"86,0";"92,0";"85,0";"13,2";"13,8";"13,0";"994,5";"994,6";"994,4";"3,0";"167,0";"6,0";"841,20";"0,0"
"27/09/2024";"1400";"17,0";"17,0";"15,5";"83,0";"88,0";"81,0";"14,1";"14,3";"13,1";"994,4";"994,5";"994,3";"3,9";"146,0";"6,4";"1335,80";"0,0"
"27/09/2024";"1500";"17,8";"18,1";"17,0";"79,0";"83,0";"73,0";"14,1";"14,5";"12,8";"994,3";"994,4";"994,3";"3,4";"151,0";"6,9";"1972,90";"0,0"
"27/09/2024";"1600";"18,9";"19,3";"17,6";"73,0";"80,0";"70,0";"13,9";"15,1";"12,9";"993,8";"994,3";"993,8";"3,2";"162,0";"6,1";"2567,00";"0,0"
"27/09/2024";"1700";"19,1";"19,8";"18,0";"69,0";"77,0";"65,0";"13,2";"14,4";"12,3";"993,2";"993,8";"993,2";"1,9";"181,0";"5,7";"2379,90";"0,0"
"27/09/2024";"1800";"19,1";"20,0";"19,0";"68,0";"70,0";"61,0";"13,1";"14,1";"11,9";"992,4";"993,2";"992,4";"1,6";"167,0";"5,2";"1860,40";"0,0"
"27/09/2024";"1900";"20,2";"20,8";"19,1";"65,0";"68,0";"57,0";"13,4";"13,8";"11,7";"991,9";"992,4";"991,9";"4,1";"144,0";"6,5";"2132,30";"0,0"
"27/09/2024";"2000";"20,2";"20,6";"19,9";"61,0";"65,0";"59,0";"12,4";"13,4";"11,9";"991,7";"991,9";"991,7";"2,2";"161,0";"6,5";"1558,60";"0,0"
"27/09/2024";"2100";"19,0";"20,2";"18,9";"64,0";"67,0";"61,0";"12,1";"13,0";"11,9";"991,7";"991,9";"991,6";"1,8";"163,0";"5,0";"693,70";"0,0"
"27/09/2024";"2200";"16,7";"19,1";"16,7";"77,0";"77,0";"64,0";"12,6";"12,7";"12,1";"991,6";"991,7";"991,5";"0,5";"186,0";"3,9";"64,20";"0,0"
"27/09/2024";"2300";"16,3";"16,9";"16,0";"80,0";"82,0";"77,0";"12,9";"13,1";"12,6";"991,8";"991,9";"991,5";"1,1";"138,0";"2,2";"";"0,0"
"28/09/2024";"0000";"14,6";"16,3";"14,4";"88,0";"91,0";"80,0";"12,6";"13,1";"12,6";"992,0";"992,0";"991,8";"3,8";"124,0";"4,8";"";"0,0"
"28/09/2024";"0100";"14,2";"14,6";"14,0";"90,0";"92,0";"88,0";"12,6";"13,1";"12,6";"992,7";"992,7";"992,0";"2,5";"117,0";"4,7";"";"0,0"
"28/09/2024";"0200";"13,7";"14,4";"13,5";"93,0";"95,0";"90,0";"12,6";"13,0";"12,5";"992,6";"992,9";"992,6";"2,1";"103,0";"3,4";"";"0,0"
"28/09/2024";"0300";"13,4";"14,1";"13,3";"92,0";"93,0";"89,0";"12,1";"12,7";"11,8";"991,8";"992,6";"991,8";"3,0";"48,0";"5,3";"";"0,0"
"28/09/2024";"0400";"13,7";"13,8";"13,3";"92,0";"93,0";"91,0";"12,5";"12,5";"12,0";"991,5";"991,8";"991,5";"4,6";"47,0";"6,7";"";"0,0"
"28/09/2024";"0500";"13,4";"13,7";"13,1";"94,0";"95,0";"92,0";"12,5";"12,6";"12,1";"991,5";"991,7";"991,5";"3,5";"25,0";"6,8";"";"0,0"
"28/09/2024";"0600";"13,3";"13,6";"13,1";"93,0";"94,0";"93,0";"12,3";"12,6";"12,1";"991,1";"991,5";"991,1";"3,4";"46,0";"6,0";"";"0,0"
"28/09/2024";"0700";"12,8";"13,6";"12,8";"93,0";"94,0";"92,0";"11,8";"12,5";"11,7";"991,8";"991,9";"991,1";"2,1";"58,0";"5,7";"";"0,0"
"28/09/2024";"0800";"12,6";"13,0";"12,3";"95,0";"96,0";"93,0";"11,9";"12,1";"11,4";"991,2";"991,8";"991,1";"2,8";"36,0";"3,9";"";"0,0"
"28/09/2024";"0900";"12,7";"12,9";"12,5";"96,0";"96,0";"94,0";"12,0";"12,1";"11,7";"992,1";"992,1";"991,2";"3,0";"42,0";"5,6";"";"0,2"
"28/09/2024";"1000";"13,4";"13,4";"12,7";"94,0";"96,0";"94,0";"12,4";"12,4";"12,1";"992,6";"992,7";"992,1";"4,3";"26,0";"6,2";"111,50";"0,0"
"28/09/2024";"1100";"15,5";"15,5";"13,4";"89,0";"94,0";"89,0";"13,6";"13,7";"12,4";"992,8";"992,9";"992,5";"4,1";"35,0";"6,9";"816,80";"0,0"
"28/09/2024";"1200";"17,5";"17,5";"15,4";"80,0";"88,0";"78,0";"13,9";"14,2";"13,0";"993,3";"993,3";"992,7";"5,6";"25,0";"8,5";"1685,40";"0,0"
"28/09/2024";"1300";"19,3";"19,5";"17,5";"71,0";"80,0";"70,0";"14,0";"14,7";"13,4";"993,5";"993,5";"993,2";"5,1";"11,0";"8,5";"2454,40";"0,0"
"28/09/2024";"1400";"20,9";"21,1";"19,3";"65,0";"73,0";"62,0";"14,1";"14,8";"12,9";"993,2";"993,5";"993,1";"4,0";"6,0";"7,4";"2974,40";"0,0"
"28/09/2024";"1500";"22,6";"22,7";"21,0";"53,0";"68,0";"53,0";"12,4";"15,0";"12,3";"992,7";"993,2";"992,7";"3,8";"2,0";"6,7";"3436,70";"0,0"
"28/09/2024";"1600";"22,7";"23,5";"21,8";"48,0";"58,0";"46,0";"11,2";"13,3";"10,6";"992,2";"992,8";"992,2";"3,3";"346,0";"6,3";"3671,20";"0,0"
"28/09/2024";"1700";"23,3";"24,0";"22,4";"49,0";"53,0";"45,0";"11,9";"13,8";"10,2";"991,1";"992,2";"991,1";"2,0";"346,0";"6,0";"3487,40";"0,0"
"28/09/2024";"1800";"24,1";"24,2";"23,1";"50,0";"54,0";"45,0";"13,0";"13,8";"11,2";"990,3";"991,1";"990,3";"1,6";"351,0";"6,3";"3013,70";"0,0"
"28/09/2024";"1900";"23,4";"24,3";"23,1";"54,0";"56,0";"46,0";"13,7";"13,8";"11,4";"990,0";"990,3";"990,0";"3,5";"345,0";"5,8";"2152,60";"0,0"
"28/09/2024";"2000";"23,6";"24,1";"23,4";"51,0";"56,0";"49,0";"12,9";"14,4";"12,4";"989,7";"990,0";"989,7";"2,8";"17,0";"5,8";"1484,00";"0,0"
"28/09/2024";"2100";"22,0";"23,7";"22,0";"61,0";"61,0";"49,0";"14,0";"14,1";"12,4";"989,6";"989,7";"989,5";"2,3";"12,0";"4,9";"689,60";"0,0"
"28/09/2024";"2200";"19,8";"22,0";"19,8";"66,0";"66,0";"61,0";"13,2";"14,2";"13,0";"989,3";"989,6";"989,3";"3,0";"33,0";"4,2";"75,90";"0,0"
"28/09/2024";"2300";"18,2";"20,1";"18,2";"74,0";"74,0";"64,0";"13,4";"13,6";"12,9";"990,1";"990,1";"989,3";"1,7";"48,0";"4,4";"";"0,0"
"29/09/2024";"0000";"17,0";"18,5";"16,8";"79,0";"80,0";"72,0";"13,3";"13,5";"13,0";"990,7";"990,7";"990,1";"2,0";"4,0";"2,7";"";"0,0"
"29/09/2024";"0100";"15,9";"17,3";"15,4";"80,0";"82,0";"77,0";"12,4";"13,4";"12,4";"990,3";"990,7";"990,2";"3,3";"49,0";"4,5";"";"0,0"
"29/09/2024";"0200";"15,7";"16,5";"14,7";"80,0";"84,0";"77,0";"12,2";"12,6";"11,8";"990,6";"990,9";"990,3";"1,7";"14,0";"4,4";"";"0,0"
"29/09/2024";"0300";"15,6";"15,9";"14,6";"81,0";"83,0";"79,0";"12,4";"12,4";"11,6";"990,5";"990,7";"990,4";"4,0";"50,0";"5,6";"";"0,0"
"29/09/2024";"0400";"15,6";"15,8";"15,5";"90,0";"90,0";"81,0";"13,9";"13,9";"12,3";"989,7";"990,5";"989,7";"4,4";"48,0";"7,0";"";"0,0"
"29/09/2024";"0500";"15,0";"15,8";"15,0";"91,0";"91,0";"89,0";"13,5";"14,1";"13,5";"989,8";"989,8";"989,5";"3,8";"52,0";"6,8";"";"0,0"
"29/09/2024";"0600";"14,5";"15,0";"14,5";"92,0";"92,0";"90,0";"13,2";"13,5";"13,1";"989,2";"990,0";"989,2";"4,1";"35,0";"5,9";"";"0,0"
"29/09/2024";"0700";"14,3";"14,7";"14,2";"91,0";"92,0";"91,0";"12,9";"13,4";"12,9";"988,6";"989,2";"988,6";"3,9";"38,0";"6,5";"";"0,0"
"29/09/2024";"0800";"14,2";"14,3";"14,0";"90,0";"92,0";"90,0";"12,5";"12,9";"12,4";"988,6";"988,6";"988,3";"3,6";"37,0";"6,5";"";"0,0"
"29/09/2024";"0900";"14,1";"14,3";"13,9";"88,0";"90,0";"88,0";"12,1";"12,5";"12,0";"989,3";"989,3";"988,5";"3,6";"37,0";"6,1";"";"0,0"
"29/09/2024";"1000";"15,7";"15,7";"14,0";"82,0";"88,0";"82,0";"12,6";"12,6";"12,0";"990,2";"990,2";"989,3";"3,6";"43,0";"6,5";"125,30";"0,0"
"29/09/2024";"1100";"17,3";"17,3";"15,7";"79,0";"82,0";"78,0";"13,5";"13,6";"12,6";"990,6";"990,6";"990,1";"4,8";"41,0";"7,6";"830,00";"0,0"
"29/09/2024";"1200";"21,1";"21,2";"17,3";"63,0";"79,0";"61,0";"13,9";"14,1";"13,2";"990,8";"990,9";"990,6";"4,7";"40,0";"8,4";"1703,20";"0,0"
"29/09/2024";"1300";"22,6";"22,8";"21,0";"59,0";"65,0";"59,0";"14,1";"15,0";"13,3";"990,9";"991,0";"990,8";"5,7";"24,0";"8,7";"2475,20";"0,0"
"29/09/2024";"1400";"24,4";"24,5";"22,6";"57,0";"60,0";"54,0";"15,3";"15,8";"14,0";"990,5";"991,0";"990,5";"4,8";"18,0";"8,5";"3066,50";"0,0"
"29/09/2024";"1500";"25,7";"25,8";"24,4";"51,0";"58,0";"49,0";"14,9";"16,1";"13,9";"989,6";"990,5";"989,6";"3,8";"26,0";"7,4";"3430,70";"0,0"
"29/09/2024";"1600";"26,4";"26,6";"25,4";"48,0";"54,0";"41,0";"14,5";"15,8";"11,9";"988,7";"989,6";"988,7";"4,0";"355,0";"6,8";"3538,60";"0,0"
"29/09/2024";"1700";"26,6";"27,3";"26,1";"50,0";"52,0";"39,0";"15,3";"16,3";"11,6";"987,6";"988,7";"987,6";"3,2";"6,0";"6,8";"3372,60";"0,0"
"29/09/2024";"1800";"28,0";"28,0";"26,6";"48,0";"53,0";"45,0";"16,0";"16,9";"14,9";"986,5";"987,6";"986,5";"2,9";"10,0";"7,1";"2954,00";"0,0"
"29/09/2024";"1900";"28,5";"28,6";"27,8";"47,0";"49,0";"42,0";"16,2";"16,3";"14,0";"985,8";"986,5";"985,8";"3,3";"354,0";"6,0";"2337,50";"0,0"
"29/09/2024";"2000";"28,2";"28,8";"28,0";"42,0";"49,0";"42,0";"14,1";"16,9";"14,1";"985,2";"985,8";"985,1";"4,1";"21,0";"6,0";"1565,50";"0,0"
"29/09/2024";"2100";"26,2";"28,2";"26,2";"56,0";"57,0";"42,0";"16,8";"17,2";"14,0";"985,1";"985,2";"985,1";"3,3";"30,0";"6,3";"716,10";"0,0"
"29/09/2024";"2200";"23,9";"26,2";"23,5";"63,0";"65,0";"56,0";"16,5";"16,8";"16,4";"985,0";"985,1";"984,8";"3,8";"36,0";"5,6";"75,70";"0,0"
"29/09/2024";"2300";"21,5";"23,9";"21,4";"74,0";"74,0";"63,0";"16,7";"16,7";"16,1";"985,9";"985,9";"985,0";"2,8";"27,0";"5,2";"";"0,0"
"30/09/2024";"0000";"20,3";"21,7";"20,2";"79,0";"80,0";"74,0";"16,6";"16,9";"16,5";"986,1";"986,2";"985,9";"3,3";"20,0";"5,1";"";"0,0"
"30/09/2024";"0100";"21,1";"21,6";"20,3";"74,0";"79,0";"72,0";"16,3";"16,6";"15,9";"985,8";"986,1";"985,7";"5,8";"18,0";"8,1";"";"0,0"
"30/09/2024";"0200";"21,5";"22,3";"20,9";"73,0";"75,0";"71,0";"16,4";"16,8";"16,4";"985,0";"985,8";"985,0";"5,9";"19,0";"10,8";"";"0,0"
"30/09/2024";"0300";"20,7";"21,6";"20,5";"74,0";"74,0";"69,0";"15,8";"16,4";"15,5";"984,4";"985,0";"984,4";"4,9";"39,0";"9,5";"";"0,0"
"30/09/2024";"0400";"20,3";"21,2";"20,1";"73,0";"74,0";"69,0";"15,4";"15,8";"15,2";"984,0";"984,4";"984,0";"4,4";"27,0";"8,4";"";"0,0"
"30/09/2024";"0500";"20,1";"20,4";"19,5";"76,0";"77,0";"73,0";"15,7";"15,7";"15,3";"983,4";"984,0";"983,3";"4,2";"32,0";"6,9";"";"0,0"
"30/09/2024";"0600";"19,8";"20,3";"19,6";"77,0";"78,0";"75,0";"15,7";"15,9";"15,7";"982,5";"983,3";"982,4";"3,8";"32,0";"6,8";"";"0,0"
"30/09/2024";"0700";"20,7";"20,8";"19,5";"71,0";"78,0";"71,0";"15,3";"15,6";"15,3";"981,9";"982,5";"981,8";"4,5";"28,0";"6,9";"";"0,0"
"30/09/2024";"0800";"21,2";"21,3";"20,7";"67,0";"72,0";"67,0";"15,0";"15,3";"15,0";"981,6";"981,9";"981,6";"3,8";"17,0";"6,9";"";"0,0"
"30/09/2024";"0900";"21,0";"21,6";"21,0";"67,0";"68,0";"65,0";"14,6";"14,9";"14,6";"982,1";"982,1";"981,5";"4,3";"13,0";"8,4";"";"0,0"
"30/09/2024";"1000";"21,0";"21,4";"20,5";"68,0";"69,0";"66,0";"14,9";"14,9";"14,6";"982,5";"982,5";"982,0";"4,4";"353,0";"8,3";"34,00";"0,0"
"30/09/2024";"1100";"22,1";"22,1";"20,8";"65,0";"70,0";"64,0";"15,3";"15,3";"14,8";"982,7";"982,7";"982,5";"4,3";"358,0";"7,3";"363,20";"0,0"
"30/09/2024";"1200";"23,4";"23,5";"22,1";"62,0";"65,0";"59,0";"15,6";"15,8";"14,9";"983,0";"983,0";"982,7";"6,1";"359,0";"9,7";"819,20";"0,0"
"30/09/2024";"1300";"26,3";"26,3";"23,3";"53,0";"62,0";"52,0";"15,9";"16,5";"15,2";"982,6";"983,0";"982,5";"6,5";"359,0";"9,3";"1543,40";"0,0"
"30/09/2024";"1400";"27,7";"27,7";"25,9";"56,0";"59,0";"51,0";"18,0";"18,2";"15,4";"982,2";"982,6";"982,2";"4,1";"5,0";"9,3";"1915,00";"0,0"
"30/09/2024";"1500";"29,7";"29,7";"27,4";"42,0";"57,0";"42,0";"15,3";"18,8";"14,5";"981,4";"982,2";"981,4";"4,8";"342,0";"8,5";"2100,30";"0,0"
"30/09/2024";"1600";"29,9";"30,5";"29,3";"38,0";"43,0";"36,0";"13,9";"15,6";"13,2";"980,4";"981,4";"980,4";"7,3";"333,0";"13,7";"2559,70";"0,0"
"30/09/2024";"1700";"30,4";"30,9";"29,8";"40,0";"42,0";"37,0";"15,2";"16,2";"13,9";"979,4";"980,4";"979,4";"7,0";"330,0";"13,2";"2565,00";"0,0"
"30/09/2024";"1800";"30,7";"31,2";"30,3";"41,0";"43,0";"37,0";"16,0";"16,6";"14,3";"978,5";"979,4";"978,4";"6,7";"335,0";"13,0";"2463,50";"0,0"
"30/09/2024";"1900";"30,1";"30,7";"30,0";"47,0";"48,0";"40,0";"17,4";"17,9";"15,2";"977,5";"978,5";"977,5";"4,5";"342,0";"11,8";"1928,80";"0,0"
"30/09/2024";"2000";"28,7";"30,2";"28,7";"54,0";"54,0";"44,0";"18,6";"19,1";"17,0";"977,0";"977,5";"977,0";"6,4";"344,0";"10,1";"1190,00";"0,0"
"30/09/2024";"2100";"27,7";"28,7";"27,7";"60,0";"60,0";"54,0";"19,2";"19,2";"18,7";"976,4";"977,0";"976,4";"6,6";"355,0";"10,7";"490,00";"0,0"
"30/09/2024";"2200";"26,5";"27,8";"26,5";"66,0";"66,0";"59,0";"19,6";"19,6";"19,1";"976,4";"976,6";"976,4";"5,9";"2,0";"9,7";"50,40";"0,0"
"30/09/2024";"2300";"26,4";"26,8";"26,0";"66,0";"67,0";"65,0";"19,4";"19,7";"19,4";"975,9";"976,6";"975,9";"6,9";"353,0";"10,2";"";"0,0"